{
    "community_demand": [
        13.99,
        31.350417,
        1.5,
        21.400278,
        11.450139,
        1.5,
        11.450139,
        41.300556,
        1.4999998,
        0.0,
        0.0,
        0.0,
        0.0,
        0.0,
        0.0,
        0.0,
        0.0,
        0.0,
        0.0,
        0.0,
        0.0,
        0.0,
        0.0,
        0.0,
        0.0,
        0.0,
        0.0,
        0.0,
        0.0,
        0.0,
        1.5567007099999999,
        1.207056,
        0.0,
        0.0,
        0.0,
        0.0,
        0.0,
        5.354428,
        11.9239997,
        15.335238400000001,
        14.9,
        13.233333,
        15.566667,
        14.566666999999999,
        14.9,
        14.566666999999999,
        23.637156100000002,
        29.753628799999998,
        4.76666666,
        6.83122809,
        8.962456060000001,
        13.33715599,
        14.94559566,
        20.80594627,
        16.5768236,
        23.812281,
        23.478946999999998,
        18.312281,
        15.792982199999999,
        9.84614036,
        11.382456000000001,
        5.4,
        0.0,
        0.0,
        0.0,
        0.0,
        0.0,
        0.0,
        0.0,
        0.0,
        0.0,
        0.0,
        0.0,
        0.0,
        0.0,
        0.0,
        0.0,
        0.0,
        0.0,
        0.0,
        1.83927369,
        2.16729934,
        0.49105266,
        4.3157894,
        10.5,
        11.166666999999999,
        11.166666999999999,
        10.5,
        9.5,
        7.8333333000000005,
        7.1666666999999995,
        6.1666666999999995,
        5.5,
        5.1666667,
        8.266948280000001,
        7.8669483300000005
    ],
    "house_0_soc": [
        5.0,
        5.0,
        5.0,
        9.7263158,
        9.7263158,
        9.7263158,
        9.7263158,
        9.7263158,
        9.7263158,
        9.6473684,
        7.7263158,
        5.8052632,
        4.0184211,
        2.3657895,
        0.98157895,
        0.0,
        0.0,
        0.0,
        0.0,
        0.0,
        0.0,
        0.0,
        0.0,
        0.0,
        0.0,
        0.0,
        0.39345833,
        1.2970535,
        1.2970535,
        1.2970535,
        2.1071118,
        2.2993639,
        2.6189958,
        2.7057611,
        2.7542938,
        2.8041688,
        2.2831162,
        0.0,
        0.0,
        0.0,
        0.0,
        0.0,
        0.0,
        0.0,
        0.0,
        0.0,
        0.0,
        0.0,
        0.0,
        0.0,
        0.0,
        0.0,
        0.0,
        0.81315789,
        0.81315789,
        0.81315789,
        0.81315789,
        0.81315789,
        0.62368421,
        0.10263158,
        0.0,
        0.0,
        0.0,
        0.0,
        0.0,
        0.0,
        0.0,
        0.0,
        0.0,
        0.0,
        0.0,
        0.0,
        0.0,
        0.0,
        0.0,
        0.44360526,
        0.49620526,
        0.49620526,
        0.52618421,
        0.52618421,
        0.52618421,
        0.52618421,
        0.10263158,
        0.0,
        0.0,
        0.0,
        0.0,
        0.0,
        0.0,
        0.0,
        0.0,
        0.0,
        0.0,
        0.0,
        0.0,
        0.0
    ]
}