Sigma,Alpha,Cost,Peak
0.0,0.01,53.78132209898662,10.885906737266048
