{
    "community_demand": [
        0.32254205999999996,
        0.32254205999999996,
        1.2930339115044247,
        0.352859358,
        0.357628623,
        1.8036478442318589,
        0.39412357,
        1.2189848767350289,
        1.7204378820162411,
        0.39412357,
        0.31238700900000005,
        0.359317433,
        1.894144794032491,
        2.2137405996547246,
        0.0023376051,
        0.023689609,
        3.0857888051809574,
        0.2972541147906762,
        2.123504204983843,
        0.720755139100264,
        0.0,
        0.0,
        0.0,
        0.5280626181958716,
        1.2824922006198487,
        1.3003382368050442,
        0.0,
        0.0,
        2.497334876149973,
        0.58570222,
        2.5468030449279895,
        1.2346608387095928,
        3.3299517503545792,
        0.0,
        0.0,
        0.0,
        0.0,
        0.0,
        0.4493346070595482,
        0.04689864,
        0.73048682,
        0.7692941600000001,
        1.6698566400000001,
        6.229041609616297,
        4.390437379469308,
        3.692472663270684,
        1.003031505,
        3.0114124984600483,
        3.1715010204411826,
        4.341842646767397,
        2.63872929,
        2.31471698,
        3.4111309428601144,
        2.29887343,
        2.0745046400000002,
        2.08656028,
        1.68754016,
        2.0814183,
        1.66721364,
        1.57933363,
        1.1815365608095703,
        0.28789038699999997,
        5.225366911745016,
        0.20207117,
        0.19673941,
        0.22507274,
        2.6035503803403177,
        2.1280853483694706,
        3.939504940885006,
        0.0,
        0.0,
        0.0,
        1.2489210248132223,
        1.591599205686019,
        0.0,
        1.8047274697778262,
        0.068584182,
        1.4468598495573652,
        0.63630535,
        0.68792197,
        0.7907976143506867,
        3.2249725338470934,
        0.6759123244794394,
        0.0,
        0.0,
        0.8770662470471438,
        2.184612730234207,
        0.58324818,
        0.58324818,
        0.95266291,
        1.82742662,
        1.85259833,
        3.675694925290233,
        5.916391703948323,
        1.72879469,
        1.91263661
    ],
    "h0_soc": [
        6.526688494736842,
        6.453376989473684,
        6.380065484210526,
        6.306753978947368,
        6.23344247368421,
        6.160130968421052,
        6.0868194631578945,
        6.013507957894737,
        5.940196452631579,
        5.866884947368421,
        5.8098521684210525,
        5.752819389473684,
        5.752819389473684,
        5.752819389473684,
        5.752819389473684,
        5.752819389473684,
        5.71383555,
        6.149694300749999,
        6.897391088249999,
        7.634321240749999,
        7.94834760725,
        8.12010309475,
        8.12010309475,
        8.48187289875,
        8.735796551,
        8.9883743715,
        9.0400118875,
        9.040012143458885,
        8.979764690827306,
        8.673141438195726,
        8.673141438195726,
        8.673141438195726,
        8.673141438195726,
        7.515151438195726,
        7.515151438195726,
        7.515151438195726,
        7.40967788030099,
        7.251753527669411,
        6.9354595645115165,
        6.619165601353622,
        6.302871638195727,
        5.986577675037832,
        5.905012611879938,
        5.843525022406253,
        5.765889846316251,
        5.682123362105725,
        5.598356877895198,
        5.514590393684672,
        5.514590393684672,
        5.514590393684672,
        5.514590393684672,
        5.514590393684672,
        5.50977128063204,
        5.50977128063204,
        5.50977128063204,
        5.50977128063204,
        5.50977128062304,
        5.50977128062304,
        5.50977128062304,
        5.50977128062304,
        5.50977128062304,
        5.50977128062304,
        5.381053881468618,
        5.381053881468618,
        5.830370963968618,
        6.266229714718618,
        6.443926511718618,
        7.180856664218618,
        7.892592009218618,
        7.892592009218618,
        7.892592009218618,
        7.892592009218618,
        7.892592009218618,
        7.892592009218618,
        7.892592009218618,
        7.892592009218618,
        7.892592009218618,
        7.892592009218618,
        7.892592009218618,
        7.892592009218618,
        7.892592009218618,
        7.892592009218618,
        7.8373363565870395,
        7.782080703955461,
        7.429300503955461,
        7.054528698692303,
        6.632971577639671,
        6.316677614481776,
        6.000383651323881,
        5.684089688165987,
        5.684089688165987,
        5.681325274850197,
        5.659481443797565,
        5.620547085902828,
        5.56515918063967,
        5.5097712806396695
    ]
}