{
    "community_demand": [
        2.56786112,
        2.56786112,
        3.388414411504425,
        2.41792258,
        2.38222285,
        3.791747074231859,
        3.1743679,
        3.999229026735029,
        4.156258512016241,
        3.11010835,
        2.69094034,
        2.99586942,
        4.316864424032492,
        3.7504818196547247,
        1.53674094,
        1.5367407499999999,
        4.414808355180957,
        1.742604704790676,
        3.568854124983843,
        1.923415279100264,
        0.72267496,
        0.72267496,
        0.72267496,
        1.2507375781958716,
        2.0051671606198487,
        2.023013196805044,
        0.72267496,
        1.44534992,
        3.604662486149973,
        2.240407975,
        3.9969092649279894,
        3.0913465387095926,
        3.3299517503545792,
        0.0,
        0.72267496,
        0.72267496,
        0.0,
        1.07178914,
        2.647861077059548,
        2.4119668599999997,
        2.6254503,
        3.75032562,
        3.7211755899999996,
        8.623819198140026,
        6.255579474040312,
        5.567380253270685,
        2.5644313299999997,
        4.5999222298594695,
        5.07075625728633,
        6.854227339068038,
        4.49655274,
        5.65080262,
        5.759699519038818,
        5.4479603999999995,
        4.2899981799999996,
        6.5095534,
        5.64740138,
        6.69729543,
        6.5879105000000004,
        3.22943643,
        3.943926367777095,
        3.06593918,
        7.064182450663108,
        2.461313893,
        2.16802488,
        2.16802488,
        3.5787491891425716,
        2.2361475343506867,
        6.078872490965786,
        1.44534992,
        1.1883045,
        1.44534995,
        2.3224161670471437,
        3.7320967462952357,
        1.96458324,
        5.057274716102824,
        3.6133748,
        7.366942687253661,
        3.6133748,
        3.6133748,
        3.9796581239868636,
        4.367372413272357,
        3.35527272957673,
        1.44534992,
        0.0,
        3.3902836255289945,
        7.420216612210543,
        5.71987296,
        4.866195019999999,
        5.68474868,
        4.6019811399999995,
        3.6133748,
        6.4204545553940555,
        9.15372629177238,
        3.76788995,
        4.536404409999999
    ],
    "h0_soc": [
        6.170201631578947,
        5.740403263157894,
        5.310604894736842,
        4.880806526315789,
        4.451008157894736,
        4.021209789473684,
        2.4547106842105255,
        2.4547106593265253,
        2.4547106593265253,
        2.4547106593265253,
        2.4547106593265253,
        2.4547106593265253,
        2.4547106593265253,
        -2.488400108191513e-08,
        0.3588213401159989,
        0.7109135368659989,
        1.0136715211159988,
        1.8591011261159989,
        2.454710656115999,
        2.4547106593269983,
        2.7418203575769984,
        3.0222008875769983,
        2.8608608717875246,
        3.1957140075375245,
        3.4227209915375245,
        3.6483821437875243,
        3.8767463167875245,
        4.1037646532875245,
        4.862541100787524,
        4.743904669208577,
        4.743904669208577,
        4.743904669208577,
        4.942318529458577,
        3.5904688978796293,
        3.2839895399848924,
        2.9775101820901555,
        2.5155497610375237,
        2.4547106610375238,
        2.4547106593265235,
        2.4547106593265235,
        2.4547106593265235,
        2.4547106593265235,
        2.4547106593265235,
        2.4841462658765234,
        2.4841462658765234,
        2.4841462658765234,
        2.4841462658765234,
        2.4841462658765234,
        2.4841462658765234,
        2.4841466503006115,
        2.4841466503006115,
        2.45471065924798,
        2.45471065924798,
        2.45471065932698,
        2.45471065932698,
        2.45471065932698,
        2.45471065932698,
        2.45471065932698,
        2.45471065932698,
        2.49400867045198,
        2.4547106593993484,
        2.909782956805884e-07,
        0.3206276754782956,
        0.6345257254782957,
        1.4744192529782956,
        2.3008544629782954,
        2.4547106584782954,
        2.454710659327296,
        3.2641893193272957,
        3.5445698493272957,
        3.383229833537822,
        3.2174161335378217,
        3.4444231175378217,
        3.6700842697878215,
        3.6700842697878215,
        3.6700842697878215,
        3.9538607220378217,
        4.178984435537822,
        4.178984435537822,
        4.178984435537822,
        4.298440133537822,
        4.394145831537822,
        4.0613506841694,
        3.7285555368009793,
        3.2402793262746634,
        2.778318905222032,
        2.454710657853611,
        2.454710659326611,
        2.454710659326611,
        2.454710659326611,
        2.454710659326611,
        2.454710659326611,
        2.454710659326611,
        2.454710659326611,
        2.454710659326611,
        2.454710659326611
    ]
}