{
    "community_demand": [
        1.1133748,
        1.1133748,
        1.1133748,
        3.2995301217307267,
        1.1133748,
        1.1133748,
        1.1133748,
        2.668151258146214,
        3.562678550139651,
        1.2175529,
        3.0811169804810072,
        1.17838485,
        2.13206404,
        3.4330375816148857,
        3.0003246457687633,
        2.29184954,
        2.87108088,
        4.95913412,
        3.646655665199638,
        2.7961615,
        3.0272584,
        3.79159564,
        4.36384617,
        3.315126391280594,
        2.9860363542571395,
        3.2187376491381707,
        1.7501881044976741,
        2.93737624,
        4.086170296961143,
        3.1242323,
        4.38116243,
        3.8136889600000003,
        1.54874548,
        1.22383013,
        1.25047642,
        1.4566544,
        2.3250124122501035,
        1.19542763,
        4.645234051077657,
        3.0054652000000006,
        3.7597647644155106,
        4.23916333,
        3.6845615700000005,
        3.6845615800000004,
        5.773842386993621,
        4.965524771463295,
        3.568834232249519,
        4.082247890765791,
        4.530138602012135,
        3.5836979199999996,
        3.52713185,
        4.629782952181669,
        5.0998668924451955,
        3.84795863,
        2.84379853,
        2.5504652,
        2.06419165,
        2.39584998,
        2.2635552000000003,
        2.06392582,
        2.516486374150481,
        3.408147151035777,
        1.52504376,
        2.6269582636873166,
        1.9923981400000002,
        5.1207559120239825,
        4.194559254603024,
        4.85520391,
        5.958288273854757,
        5.748655192271904,
        6.687133859999999,
        4.89060162,
        3.12369848,
        1.17555148,
        4.31508288,
        3.12074956,
        4.693036279999999,
        4.856861360000001,
        4.75802398,
        1.15481146,
        2.98975484,
        3.2938662599999997,
        5.036740117459235,
        4.7439122199999995,
        2.8850152000000002,
        7.88501519,
        3.0554651899999996,
        3.2554652,
        3.2554652,
        3.2554652,
        3.30802402,
        3.4112208699999997,
        3.7504043900000004,
        3.41245677,
        3.20864174,
        3.38439965
    ],
    "h0_soc": [
        3.3,
        3.3,
        3.3,
        3.3,
        3.3,
        3.3,
        3.3,
        3.3,
        3.3,
        3.3,
        3.3,
        3.3,
        3.3,
        3.3,
        3.3,
        3.3,
        3.3,
        3.3,
        3.3,
        3.3,
        3.3,
        3.3,
        3.3,
        3.3,
        3.3,
        3.3,
        3.3,
        3.2444880684210524,
        2.5797374902505714,
        2.5797374902505714,
        1.5871958060400448,
        1.005564648145308,
        1.005564648145308,
        1.005564648145308,
        0.8490424797242554,
        0.8064343597242554,
        0.6077764018295185,
        0.4091184439347817,
        0.4091184432211816,
        0.4091184432211816,
        0.4091184432211816,
        0.4091184432211816,
        0.4091184432211816,
        0.4091184432211816,
        0.4091184432211816,
        0.4091184432211816,
        0.4091184432211816,
        0.4091184432211816,
        0.4091184432211816,
        0.4091184432211816,
        0.4091184432211816,
        0.0,
        0.40911844524999996,
        0.40911844524999996,
        0.40911844524999996,
        0.40911844524999996,
        0.40911844524999996,
        0.40911844524999996,
        0.40911844524999996,
        0.40911844524999996,
        0.40911844524999996,
        0.40911844524999996,
        0.40911844524999996,
        0.40911844524999996,
        0.40911844524999996,
        0.0,
        0.40911844524999996,
        0.40911844524999996,
        0.40911844524999996,
        0.40911844524999996,
        0.40911844524999996,
        0.40911844524999996,
        0.40911844524999996,
        0.40911844524999996,
        0.40911844524999996,
        0.40911844524999996,
        0.40911844524999996,
        0.40911844524999996,
        0.40911844524999996,
        0.40911844524999996,
        0.40911844524999996,
        0.40911844524999996,
        0.40911844524999996,
        0.40911844524999996,
        0.40911844524999996,
        0.40911844524999996,
        0.4091184432211998,
        0.4091184432211998,
        0.4091184432211998,
        0.4091184432211998,
        0.4091184432211998,
        0.4091184432211998,
        0.4091184432211998,
        0.4091184432211998,
        0.40911845957475135,
        0.4091184432211519
    ]
}