{
    "community_demand": [
        10.0,
        10.0,
        10.0,
        10.0,
        10.0,
        10.0,
        10.0,
        10.0,
        10.0,
        10.0,
        10.0,
        10.0,
        10.0,
        8.791801961769979,
        5.399743759731825,
        4.0,
        4.0,
        4.0,
        5.233425495199638,
        4.0,
        4.27058938,
        3.37019192,
        5.3416842209999995,
        7.8973341395590735,
        7.400912244257139,
        6.437228099138171,
        7.748422594497675,
        5.6845842499999995,
        10.0,
        9.9191868,
        8.43792085,
        4.0,
        4.0,
        0.729650571,
        0.0,
        0.0,
        1.1767040322501032,
        1.55163487,
        4.831201191077656,
        6.202584290000001,
        6.629553039352013,
        6.88207104,
        6.70258435,
        10.0,
        10.0,
        3.973110842300153,
        7.076856772249519,
        10.0,
        10.0,
        10.0,
        10.0,
        10.0,
        10.0,
        10.0,
        10.0,
        10.0,
        10.0,
        10.0,
        8.69708956,
        10.0,
        10.0,
        9.914112093149184,
        8.1326861,
        10.20008150477494,
        6.0,
        6.598676987808716,
        9.50788008665543,
        6.477732751,
        6.113708932120039,
        8.640724136107945,
        5.4775989571,
        8.045289563,
        7.9999994999999995,
        2.0,
        3.7289475000000003,
        7.9999999,
        8.381989560000001,
        5.157961325,
        8.66535633,
        0.15469377,
        0.0,
        0.0,
        2.057873201830605,
        0.0,
        0.74533254,
        0.74533254,
        2.24533254,
        8.92669778,
        3.63570906,
        7.85560373,
        7.58397152,
        10.0,
        10.0,
        10.0,
        7.69397131,
        10.0
    ],
    "h0_soc": [
        3.2653253973684206,
        3.2306507947368415,
        3.1974674199999993,
        3.164284045263157,
        3.158907687894736,
        3.1550225588421044,
        3.1541198859473676,
        2.577960069116467,
        1.8365904375375193,
        1.8365904268735187,
        1.5322868662014186,
        1.7400763714514187,
        1.8365904292014186,
        1.836590426874418,
        1.8365904268744175,
        1.836590426874417,
        0.5382376900323118,
        0.8348424197823119,
        1.7910796447823119,
        1.836590426957312,
        1.836590426957312,
        1.836590426957312,
        2.093605763957312,
        2.3438919327073116,
        2.8124247697073117,
        2.895574274957312,
        3.005988780207312,
        4.088481385207312,
        3.026585929688861,
        3.885093757188861,
        3.0623840729783343,
        2.764498941399387,
        3.416700398899387,
        3.0428949357414923,
        2.6412905094257026,
        2.239686083109913,
        1.8365904252151761,
        1.836590426874176,
        1.836590426874176,
        2.099276693874176,
        2.099276693874176,
        1.8535312307162812,
        2.259237399466281,
        2.664943568216281,
        3.0706497369662813,
        2.620185658018913,
        2.485511052755755,
        2.3460160053873342,
        2.8467221978873343,
        3.4186783903873343,
        3.9919804003873343,
        1.8477682312824149,
        2.4224160587824146,
        2.9984097512824146,
        3.5770950787824147,
        4.158472088782415,
        4.743886598782415,
        5.334684426282415,
        5.9308656187824145,
        6.5337759462824145,
        7.143415456282415,
        7.758438283782414,
        7.758438283782414,
        6.375329740365333,
        5.4936726877337545,
        3.401489319312702,
        3.401489319312702,
        3.286905866681123,
        3.286905866681123,
        3.286905866681123,
        3.286905866681123,
        4.107192059181123,
        5.202998581681123,
        5.371648053681123,
        5.567562558931123,
        6.7107854339311235,
        7.613389078931124,
        7.559381142089018,
        7.262987242089018,
        6.96510211051007,
        5.591304689457439,
        5.270138857878491,
        4.158008121036386,
        3.835351063141649,
        3.432255405246912,
        3.029159747352175,
        1.8365904315627015,
        1.8365904315627015,
        1.8365904268737012,
        1.8365904268737012,
        1.8365904268737012,
        2.3135466193737013,
        2.790502811873701,
        3.267459004373701,
        3.267459004373701,
        3.768165196873701
    ]
}