{
    "community_demand": [
        10.0,
        10.0,
        10.0,
        10.0,
        10.0,
        10.0,
        10.0,
        10.0,
        10.0,
        10.0,
        10.0,
        10.0,
        10.0,
        7.6257683,
        2.0,
        1.9787179199999998,
        1.7444863,
        5.9887607,
        2.0058686,
        1.775341,
        5.8291389,
        10.0,
        1.5842168349999999,
        10.0,
        0.463122868,
        10.0,
        10.0,
        10.0,
        10.0,
        8.6699455,
        3.6355338,
        3.6157817999999997,
        2.21155797,
        0.0,
        0.0,
        2.0,
        3.58218766,
        10.0,
        4.97766446,
        7.6598466,
        8.2541591,
        6.6422817,
        10.0,
        10.0,
        10.0,
        10.0,
        6.2051972,
        10.0,
        10.0,
        10.0,
        10.0,
        10.0,
        10.0,
        10.0,
        10.0,
        10.0,
        10.0,
        10.0,
        10.0,
        10.0,
        10.0,
        10.0,
        2.0,
        0.23639149,
        1.49460744,
        8.467884399999999,
        0.0,
        0.56213221,
        5.18433029,
        10.0,
        10.0,
        3.4747018599999997,
        3.90822278,
        0.32401398,
        10.0,
        10.0,
        10.0,
        10.0,
        10.0,
        7.99615556,
        3.4083783,
        2.0,
        0.39457761,
        2.48411679,
        1.07199536,
        10.0000001,
        6.59878647,
        8.6053025,
        8.2541635,
        8.3372465,
        9.8242542,
        8.0610554,
        10.0,
        10.0,
        10.0,
        10.0
    ],
    "h0_soc": [
        1.25,
        1.25,
        1.35908358375,
        1.38361308535,
        1.5979419536,
        1.8122708218499999,
        1.8122708218499999,
        1.8122708218499999,
        1.8122708218499999,
        1.8823630568499998,
        1.9613291135999997,
        1.9613291123354737,
        1.9613291123354737,
        1.9613291123354737,
        1.9613291123354737,
        1.9899452650354736,
        1.2976042124038947,
        1.877578981179795e-09,
        -1.8820205202708598e-17,
        0.12091219999999998,
        0.48400110274999997,
        0.55741330275,
        -1.3039473722997741e-08,
        -1.3039473722997741e-08,
        -3.878721526102194e-17,
        -3.878721526102194e-17,
        0.07341221899999996,
        0.16582441899999995,
        1.1692529889999999,
        2.1604586689999996,
        2.3484256024999994,
        2.4677544659999993,
        2.328044992315789,
        2.368207191840789,
        2.3600766649986835,
        2.325630348682894,
        2.081814738156578,
        1.314472530822286e-09,
        4.506496520801146e-18,
        4.506496520801146e-18,
        4.506496520801146e-18,
        4.506496520801146e-18,
        4.506496520801146e-18,
        4.506496520801146e-18,
        4.506496520801146e-18,
        4.506496520801146e-18,
        4.506496520801146e-18,
        4.506496520801146e-18,
        4.506496520801146e-18,
        4.506496520801146e-18,
        0.16850273025,
        0.036923782881578965,
        0.036923782881578965,
        0.18158598288157896,
        0.18158598288157896,
        0.18451468501407894,
        0.34848364001407894,
        0.34848364001407894,
        0.4669269325140789,
        0.46692693080222364,
        -0.04997552533812727,
        0.021274474661872725,
        0.021274474091255366,
        0.24497263184125534,
        0.2449726322111729,
        6.322255496904461e-10,
        0.07341220063222555,
        0.3368244006322255,
        0.5613869396322255,
        0.5613869396322255,
        0.6816012031322255,
        0.6208390978690677,
        0.5600769926059097,
        0.8852391926059098,
        1.2585132306059097,
        1.0392149849918746,
        1.0392149849918746,
        1.0558215032168745,
        1.2157634034668745,
        2.3484256034668745,
        2.4598377987168742,
        2.500000000141874,
        2.4918694732997686,
        2.4999999998497686,
        2.081814736691874,
        -1.5023182697859738e-10,
        -6.628078824186473e-19,
        -6.628078824186473e-19,
        -6.628078824186473e-19,
        -6.628078824186473e-19,
        0.042576843499999996,
        -1.8421052877526378e-10,
        -1.8421052877526378e-10,
        -1.8421052877526378e-10,
        -1.8421052877526378e-10,
        -1.8421052877526378e-10
    ]
}