{
    "community_demand": [
        8.000479367078299,
        10.88996976010516,
        8.542853725178208,
        12.710681966497349,
        8.142921019997008,
        7.40729634,
        7.34297118,
        7.5700676399999995,
        7.73948212639385,
        7.411512989999999,
        7.321702209888377,
        7.547351463741161,
        5.595490004999999,
        4.671538454,
        6.72310157498946,
        3.4385405016284603,
        7.61415447105694,
        3.5140977131570788,
        2.413025992508148,
        1.8200988599999999,
        5.392077235944069,
        2.0932267,
        6.709306429287238,
        2.506659567722265,
        2.2902496001454833,
        3.468977815931796,
        4.349264028692768,
        3.28495557,
        3.8578496853469177,
        6.270251284508287,
        4.896699030000001,
        6.2224103358333025,
        3.6378721513086525,
        1.0,
        1.0,
        1.0,
        0.0,
        4.860625450341764,
        6.128482508242968,
        3.3373898611941755,
        3.2582023215407805,
        10.047709697652515,
        9.627040663927424,
        7.925120243753838,
        7.35300354,
        9.668095306134667,
        4.791933854502885,
        7.62333237,
        8.94009163614923,
        9.179962838385633,
        8.74674352,
        9.554476142210888,
        8.21008962,
        9.679446287748194,
        10.036021868049502,
        9.186979264705357,
        9.541174457144225,
        9.72268512,
        6.6576163600000005,
        10.0835176063342,
        10.047126012894633,
        9.951401271395968,
        9.32924644,
        8.422350219999998,
        9.385540101120421,
        6.147657433404285,
        5.927938814001455,
        3.37820495,
        5.154575191498772,
        4.642558837749126,
        5.0627138357716195,
        3.600095446043623,
        5.1115969759827085,
        6.078575271671303,
        4.285544281491081,
        10.190004305422736,
        5.7502046286059585,
        5.338141179825063,
        5.61707643,
        5.48790436,
        1.60669962,
        3.025697522699525,
        1.048569845,
        2.2330942274087624,
        0.0,
        4.470676437803618,
        6.119925703294445,
        5.048740863124162,
        6.047239321990067,
        8.279816369999999,
        5.110521056473894,
        9.487189447466916,
        9.413818947452139,
        9.391836509523248,
        4.0,
        7.8259227000000005
    ],
    "h0_soc": [
        5.849584210526316,
        4.9666315968430155,
        4.134097281053542,
        3.852864475790384,
        3.2407917389482783,
        2.959558649474594,
        2.678325812632489,
        2.3970929863166996,
        2.1158601863166995,
        1.8346274126324889,
        1.5655807863166993,
        1.2965341073693308,
        1.1537435705272256,
        1.0109530284219626,
        0.8788014231588046,
        0.7466499336851204,
        -1.3683300603695159e-08,
        0.7466502063166993,
        1.2231240838166992,
        1.3893026390666992,
        1.819031951816699,
        2.318134639316699,
        2.356069356741699,
        2.898249271741699,
        3.354147721491699,
        3.822063718741699,
        4.301515086241699,
        4.7854581012417,
        4.892203126991699,
        5.5704539644916995,
        5.407169706596963,
        5.2743729013338045,
        5.392170687833804,
        4.517749793096963,
        2.7462736878338045,
        2.553883961518015,
        2.232421056254857,
        1.8944705983601204,
        1.50973482467591,
        1.1249990509916994,
        1.2622750152416993,
        1.23057700854705,
        1.36785297279705,
        1.5223089935470502,
        1.53188380842205,
        1.53188380842205,
        1.2260954031588922,
        1.170889061053629,
        1.1475492047378397,
        1.1475492047378397,
        1.1242102005273134,
        1.0439943321062608,
        1.0439943321062608,
        1.0206553747378397,
        0.9846493705273134,
        0.9846493705273134,
        0.9357306094746818,
        0.9357306094746818,
        0.7466501936852081,
        -1.419700135230073e-09,
        0.7466501710802999,
        0.7466501710802999,
        0.7466501922654999,
        0.7466501922654999,
        3.437076301349151e-08,
        0.746650206870763,
        1.217006621120763,
        1.854141886120763,
        2.7561989011207633,
        3.1585354056207633,
        3.1585354056207633,
        3.1585354056207633,
        3.6139239191207633,
        4.081502846870763,
        4.5607313443707636,
        5.044527014370764,
        5.649924631870764,
        6.256861201870764,
        7.016704594370764,
        7.767169301870764,
        7.865948477870764,
        6.491514004186553,
        6.325292030502342,
        6.159212156818132,
        5.515622314712869,
        4.861882367344448,
        4.861882367344448,
        4.861882367344448,
        4.9401825405944475,
        5.148708504844447,
        5.249467509344448,
        5.249467509344448,
        5.424592499594447,
        4.420720617189741,
        4.114932211926583,
        3.8179251592950045
    ]
}