{
    "community_demand": [
        10.0,
        10.0,
        10.0,
        10.0,
        0.0,
        10.0,
        9.3345994,
        10.0,
        10.0,
        10.0,
        10.0,
        10.0,
        10.0,
        10.0,
        4.0,
        1.6237957,
        3.8973866999999998,
        8.7488163,
        3.0403189,
        0.0,
        5.45277008,
        10.0,
        10.0,
        10.0,
        10.0,
        10.0,
        10.0,
        10.0,
        8.080408954,
        6.058320849,
        2.82050392,
        1.3537602,
        0.0,
        3.1849422,
        1.8425522,
        0.0,
        3.23677451,
        10.0,
        4.936348300000001,
        7.1831477,
        8.320239,
        9.0081016,
        10.0,
        10.0,
        9.8900512,
        10.0,
        10.0,
        4.93664158,
        10.0,
        10.0,
        3.89611396,
        10.0,
        10.0,
        10.0,
        10.0,
        10.0,
        10.0,
        10.0,
        10.0,
        10.0,
        10.0,
        10.0,
        0.24524556,
        2.0,
        6.43082888,
        10.0,
        0.0,
        1.6337589,
        2.1385585,
        10.0,
        10.0,
        0.016280776,
        0.1260622,
        10.0,
        10.0,
        10.0,
        10.0,
        10.0,
        8.6141574,
        3.2336489999999998,
        3.6170185999999998,
        0.0,
        0.0,
        2.0,
        3.91352847,
        10.0,
        5.68342306,
        7.8657743,
        9.9913709,
        8.5509991,
        9.633357799999999,
        8.5114224,
        9.3383919,
        9.651727000000001,
        10.0,
        10.0
    ],
    "h0_soc": [
        1.40653394625,
        1.40653394625,
        1.40653394625,
        1.40653394625,
        1.318648498881579,
        1.341619090381579,
        1.341619090381579,
        1.341619090381579,
        1.3416191253322625,
        1.3416191253322625,
        1.3416191253322625,
        1.3416191253322625,
        1.3416191601570617,
        1.341619118921887,
        1.341619118921887,
        1.3416191212947652,
        0.6221547528737125,
        1.6031607152910965e-08,
        0.05470860178160715,
        0.29364198553160714,
        0.36157536928160716,
        0.45800875303160715,
        0.5178755205316071,
        0.5611112626566072,
        0.7372091954066071,
        0.7372091954066071,
        0.8288925791566071,
        0.9019309209066071,
        1.958314058406607,
        2.215449845906607,
        2.397383229656607,
        2.492233281656607,
        2.500000000006607,
        2.4999999999996074,
        2.4647461326311864,
        2.4031764747364495,
        2.108938079999607,
        -2.5263550806897683e-08,
        2.4573389961569245e-16,
        2.4573389961569245e-16,
        0.09682352500000024,
        0.0968235258347214,
        0.0968235258347214,
        0.0968235284287584,
        0.0968235284287584,
        0.09682352456613287,
        0.09682352456613287,
        -1.7496566140362546e-09,
        0.16293338200034338,
        0.16293338200034338,
        0.07504793463192232,
        0.1945617108819223,
        0.1945617108819223,
        0.1945617108819223,
        0.1945617108819223,
        0.2620509078819223,
        0.2620509078819223,
        0.2620509078819223,
        0.2620509078819223,
        0.2720959727569223,
        0.2720959727569223,
        0.2720959727569223,
        0.2720959727569223,
        0.272095971963134,
        0.27209597280941045,
        -8.748001212310896e-10,
        0.09643338287519987,
        -1.335326446638696e-09,
        0.023403556939673553,
        0.023403556939673553,
        0.13695371293967357,
        0.05763709715019988,
        2.413357777508729e-09,
        2.413357777508729e-09,
        0.048933386163357774,
        0.048933386163357774,
        0.26396682666335775,
        1.3579002341633575,
        2.3973832516633573,
        2.4130666154633573,
        2.4843166154633574,
        2.5000000001633573,
        2.4647461327949363,
        2.4031764749001994,
        2.108938080163357,
        -2.509980090437125e-08,
        1.482603292045952e-16,
        1.482603292045952e-16,
        1.482603292045952e-16,
        1.482603292045952e-16,
        1.482603292045952e-16,
        1.482603292045952e-16,
        1.482603292045952e-16,
        1.482603292045952e-16,
        1.482603292045952e-16,
        1.482603292045952e-16
    ]
}