{
    "community_demand": [
        10.0,
        7.15239785,
        10.0,
        10.0,
        10.0,
        10.0,
        10.0,
        10.0,
        10.0,
        10.0,
        7.795601850481006,
        10.0,
        9.704975,
        6.489685162305599,
        4.933654199731825,
        4.0,
        4.0,
        4.0,
        5.233425495199638,
        3.3483514999999997,
        2.0,
        0.0,
        0.0,
        3.5460098470890484,
        2.1531572142571394,
        2.386788009138171,
        0.6368133044976741,
        1.0958829,
        6.338097905485057,
        3.0241359,
        4.0,
        0.37829091,
        0.0,
        0.0,
        0.0,
        0.0,
        0.8547367022501032,
        0.0,
        2.9397688610776562,
        4.39790919,
        4.226968829352013,
        6.70258422,
        5.78428031,
        6.903815529999999,
        9.943282586862367,
        11.031504021640433,
        6.536856772249519,
        8.60623222289663,
        10.0,
        7.31438004,
        9.2167864,
        10.0,
        10.0,
        10.0,
        10.0,
        10.0,
        10.0,
        10.0,
        6.71330675,
        8.52946236,
        8.828776548485322,
        7.50469758887782,
        6.0,
        8.797157427267393,
        6.0,
        8.01961878388035,
        9.275315116474102,
        6.92148681,
        4.399403300120038,
        5.538020016175243,
        2.0,
        1.79782,
        0.0,
        0.0,
        0.0,
        0.0,
        0.0,
        0.0,
        3.55290016,
        0.0,
        0.0,
        0.0,
        0.7938708018306048,
        0.0,
        0.51866984,
        0.74533254,
        0.9220600800000001,
        4.66037643,
        3.63570897,
        7.53397134,
        6.81588175,
        7.66437825,
        7.75560623,
        10.0,
        7.33397131,
        7.33397131
    ],
    "h0_soc": [
        3.2653253973684206,
        3.2306507947368415,
        3.1974674199999993,
        3.164284045263157,
        3.158907687894736,
        3.1550225588421044,
        3.1541198859473676,
        2.577960069116467,
        1.8365904375375193,
        1.8365904268735187,
        1.9915502278735187,
        1.9915502278735187,
        1.9915502278735187,
        1.9915502278735187,
        1.9915502278735187,
        1.8365904278735186,
        1.030375954189308,
        1.356915183939308,
        1.836590418939308,
        1.8365904268743076,
        2.197296682124308,
        2.5526196008743076,
        2.9357901878743076,
        3.1120512403743077,
        3.651088317874308,
        4.214273017874308,
        4.4671875231243074,
        4.7601603316243075,
        4.9977350348743075,
        6.4442596123743074,
        4.619034138690097,
        4.570365277637465,
        4.249199446058517,
        3.8490862460585173,
        3.4474818197427277,
        3.045877393426938,
        2.642781735532201,
        2.2396860776374643,
        1.8365904250058853,
        2.1863499015058854,
        2.1863499015058854,
        2.5920560702558855,
        2.3521183070979905,
        2.7578244758479906,
        3.1635306445979907,
        3.028856039334833,
        2.894181434071675,
        2.712138407755886,
        3.212844600255886,
        3.212844600255886,
        3.786146610255886,
        1.6419344411509664,
        2.216582268650966,
        2.792575961150966,
        3.3712612886509663,
        3.9526382986509665,
        4.538052808650966,
        5.1288506361509665,
        5.1288506361509665,
        5.7317609636509665,
        6.341400473650967,
        6.341400473650967,
        6.070936394703598,
        4.581025657861493,
        3.7325370262825452,
        1.7898072347413003,
        1.8365904269663003,
        1.8365904268742999,
        2.1972966821243,
        2.5526196008742996,
        2.9357901878742996,
        3.3122316066242994,
        4.448880434124299,
        5.595284194124299,
        6.874481329124299,
        8.1602041566243,
        8.6580745991243,
        8.155608767545353,
        7.909330657019037,
        7.661561314913774,
        6.287763893861142,
        5.966598062282195,
        4.85446732544009,
        2.952862904387458,
        2.549767246492721,
        2.146671588597984,
        1.8365904254400893,
        1.8365904254400893,
        1.8365904268740891,
        1.8365904268740891,
        1.8365904268740891,
        1.8365904268740891,
        1.8365904268740891,
        2.313546619374089,
        2.313546619374089,
        2.313546619374089
    ]
}