{
    "community_demand": [
        10.0,
        10.0,
        10.0,
        10.0,
        10.0,
        10.0,
        10.0,
        10.0,
        10.0,
        10.0,
        10.0,
        10.0,
        10.0,
        10.0,
        10.0,
        4.109351433,
        4.1108899,
        8.897806,
        4.22050022,
        4.0,
        4.0,
        6.6974451,
        6.65507755,
        7.55281615,
        10.0,
        10.0,
        10.0,
        10.0,
        10.0,
        10.0,
        10.0,
        10.0,
        7.4470647,
        4.0,
        0.91412274,
        0.0039992662,
        0.96529926,
        4.02235608,
        8.36970844,
        6.94491274,
        9.2015396,
        10.0,
        9.8498819,
        10.0,
        10.0,
        10.0,
        4.12244021,
        10.0,
        10.0,
        10.0,
        10.0,
        10.0,
        10.0,
        10.0,
        10.0,
        10.0,
        10.0,
        10.0,
        10.0,
        10.0,
        10.0,
        10.0,
        10.0,
        8.015396692,
        7.9429846,
        10.0,
        6.21823734,
        1.64454235,
        1.7152678,
        5.68809479,
        10.0,
        9.9999999,
        10.0,
        10.0,
        10.0,
        10.0,
        10.0,
        10.0,
        10.0,
        10.0,
        5.07955097,
        3.621582,
        4.0,
        0.510090401,
        0.96529927,
        2.49999997,
        9.4144404,
        7.5068776,
        9.4801498,
        9.8329945,
        9.1739391,
        10.2319122,
        10.5973658,
        10.9556995,
        8.2243153,
        10.0
    ],
    "h0_soc": [
        3.3,
        3.3,
        3.3,
        3.3,
        3.3,
        3.409720858,
        3.409720858,
        3.57476036325,
        3.589902343425,
        3.589902343425,
        3.760974348675,
        3.807569557275,
        3.807569557275,
        3.807569557275,
        3.807569557275,
        3.807569557275,
        3.1343861888539473,
        2.5597949783276315,
        1.836590452011842,
        1.836590452011842,
        2.234379957261842,
        2.234379957261842,
        2.234379957261842,
        2.234379957261842,
        2.286179462511842,
        2.9079789725118417,
        3.5314409825118416,
        4.1549029925118415,
        3.9483564326691933,
        4.4420715751691935,
        4.493348580419194,
        4.544625585669194,
        5.354851278169194,
        5.490060769169195,
        5.4875616050113,
        5.485062440853405,
        2.345036967169195,
        1.8365904355902476,
        1.8365904355902476,
        1.836590426874247,
        1.836590426874247,
        -1.1596922766682611,
        -1.1668261246100542e-08,
        0.21392867858173875,
        0.41202403708173874,
        0.6259527273317387,
        0.9823814175817387,
        1.3546434395817388,
        2.0469329495817385,
        2.1087245595817388,
        2.1087245595817388,
        2.229888177081739,
        2.272638180881739,
        1.4642918881869984,
        1.8365904281869985,
        -0.21710157098438243,
        0.6556879390156176,
        1.5284774490156177,
        1.8365904265156177,
        1.8365904265156177,
        1.8365904265156177,
        1.8365904265156177,
        1.8365904265156177,
        0.230193163357723,
        1.2944511833577228,
        7.809456503693468e-08,
        1.197827955594565,
        1.8365904280945649,
        1.9778339390945647,
        1.9781286585398148,
        1.9781286585398148,
        1.9781286592391734,
        1.6179844352882473,
        1.8365904267882474,
        2.6310991292882475,
        2.6884624757882474,
        3.8270531032882475,
        5.003462613288248,
        5.00346272839361,
        5.05473973364361,
        5.35485126489361,
        5.49006076539361,
        5.487561601235716,
        5.485062437077821,
        2.3450369633936106,
        1.8365904318146633,
        1.8365904318146633,
        1.836590426873663,
        1.836590426873663,
        1.836590426873663,
        1.836590426873663,
        1.836590426873663,
        -1.1313361861143518,
        3.8856482476035126e-09,
        0.4039286941356482,
        0.8236907161356481
    ]
}