{
    "community_demand": [
        10.0,
        10.0,
        10.0,
        10.0,
        10.0,
        10.0,
        10.0,
        10.0,
        10.0,
        10.0,
        10.0,
        10.0,
        10.0,
        8.01894025,
        2.073244235,
        0.55289718,
        2.9990188,
        3.9999998999999997,
        7.98531375,
        6.6400728,
        5.14013279,
        10.0,
        10.0,
        6.6538908,
        10.0,
        10.0,
        10.0,
        10.0,
        10.0,
        10.0,
        10.0,
        10.0,
        9.5459486,
        5.93488517,
        0.4796688,
        0.47966873,
        4.14794433,
        9.9999998,
        8.6677473,
        9.382874900000001,
        6.920931599999999,
        10.0,
        6.8472083,
        10.0,
        9.5869537,
        7.92275687,
        8.7657097,
        10.0,
        10.0,
        10.0,
        10.0,
        10.0,
        10.0,
        10.0,
        10.0,
        10.0,
        10.0,
        10.0,
        10.0,
        10.0,
        10.0,
        10.0,
        9.027658,
        8.53010786,
        10.0,
        7.7434104,
        10.0,
        10.0,
        10.0,
        10.0,
        10.0,
        10.0,
        10.0,
        10.0,
        10.0,
        10.0,
        10.0,
        10.0,
        10.0,
        10.0,
        4.83258446785426,
        1.5912438400000002,
        0.64710846,
        0.23045833039695698,
        5.98810891,
        8.4497474,
        8.667747499999999,
        9.834420099999999,
        7.8344201,
        10.0,
        6.5915961,
        10.0,
        10.0,
        9.0385025,
        10.0,
        10.0
    ],
    "h0_soc": [
        5.0,
        5.0,
        5.0,
        5.0,
        5.0,
        5.0,
        5.0,
        5.0,
        5.0,
        5.0121673,
        5.0121673,
        5.0121673,
        5.0121673,
        5.0121673,
        4.9544055,
        4.8966437,
        2.3651977,
        2.3074359,
        2.3074359,
        2.1970425,
        0.23126247,
        0.33113243,
        0.57451649,
        0.87524028,
        1.0701102,
        1.1224802,
        1.5026002,
        1.8399703,
        2.2200903,
        1.8991706,
        1.5782509,
        1.5782509,
        1.5782509,
        2.1879127,
        2.1879127,
        2.1879127,
        2.1879127,
        0.10909825,
        0.10909825,
        0.14046163,
        0.10909825,
        0.22163488,
        0.10909825,
        0.20580155,
        0.23297454,
        0.10909825,
        0.10909825,
        0.26913488,
        0.26913488,
        0.26913488,
        0.26913488,
        0.26913488,
        0.26913488,
        0.26913488,
        0.26913488,
        0.26913488,
        0.26913488,
        0.43720814,
        0.43720814,
        0.5845781,
        0.5845781,
        0.5845781,
        0.93508559,
        1.6456745,
        0.16686005,
        0.26550789,
        1.0737624,
        1.2211324,
        1.4065024,
        1.5966224,
        1.9244924,
        2.2523624,
        2.310532,
        2.310532,
        2.690652,
        3.0029285,
        3.9007985,
        3.5798788,
        3.2589591,
        3.2589591,
        3.2589591,
        2.3034363,
        2.2456745,
        2.1879127,
        1.9512035,
        0.10909825,
        0.10909825,
        0.10909825,
        0.10909825,
        0.22163488,
        0.10909825,
        0.20580155,
        0.20580155,
        0.10909825,
        0.10909825,
        0.10909825
    ]
}