{
    "community_demand": [
        2.36075888,
        2.35560388,
        2.9649388315044245,
        1.99444698,
        1.8367687799999999,
        4.468800276047839,
        3.63976982,
        4.4879948801498095,
        4.808405612016241,
        3.355949,
        3.304001793,
        3.0740539399999998,
        4.554649188718603,
        4.736394754094438,
        1.45488598,
        1.45488598,
        3.6711669551809574,
        1.1879539547906761,
        2.8977159949838427,
        1.531171219100264,
        0.89069984,
        0.960680528,
        1.1133748,
        1.6414374181958715,
        2.3958670006198486,
        2.4137130368050443,
        1.1133748,
        1.1133748,
        2.550012406149973,
        1.1133748300000001,
        2.2195842249279893,
        1.3140214987095928,
        3.775301670354579,
        0.44534992,
        0.44534992,
        0.44534992,
        0.44534992,
        0.66802438,
        1.349269017059548,
        3.8169093099999998,
        3.24463524,
        1.11337462,
        1.49165837,
        5.830989508140027,
        4.784671395298622,
        3.262375523270684,
        1.1133748,
        3.7834359242937303,
        2.7111776269134706,
        4.087671478246243,
        1.3359917,
        10.58134748,
        7.226976179999999,
        5.14376098,
        9.343844279999999,
        1.25665837,
        4.35650628,
        3.37823054,
        1.14072879,
        5.07366328,
        5.07387925,
        3.0475595,
        6.571980273805043,
        5.89069984,
        5.89069984,
        2.4225227400000002,
        2.0902078610822583,
        4.262195217238411,
        5.59531622027441,
        1.1133748,
        1.1133748,
        1.1133748,
        3.8412983088043076,
        3.7331543100816633,
        1.1133748,
        3.965925965913331,
        1.1133748,
        4.626766705526924,
        1.1731754300000001,
        1.1731754300000001,
        2.567252584213956,
        2.2951047363417345,
        2.3052346217674904,
        1.1133748,
        1.1133748,
        3.4320940771396,
        4.61638254522309,
        1.9268412499999998,
        1.89463581,
        10.70087953,
        3.80524999,
        1.1133748,
        2.6314004061688867,
        4.89879587088844,
        9.53390833,
        1.6408532500000002
    ],
    "h0_soc": [
        5.9070437368421045,
        5.214087473684209,
        4.521131210526314,
        3.8281749473684195,
        3.1352186842105247,
        3.005807415789472,
        2.908531715789472,
        2.811256015789472,
        2.713980315789472,
        2.6167046105263143,
        2.535707636842104,
        2.4547106578947355,
        2.454710659326735,
        2.03236179616884,
        2.15368316116884,
        2.26827535791884,
        2.33353334216884,
        2.87516268466884,
        3.72863009716884,
        4.57133082716884,
        4.99112779966884,
        5.30407139891884,
        5.304071649456046,
        5.771612059456046,
        6.131306317706046,
        6.489654744206046,
        6.749011655456046,
        6.749011655456046,
        6.512217329140257,
        6.299589102824467,
        6.231093808087625,
        6.231093808087625,
        6.231093808087625,
        5.142933176508677,
        4.5732959133507824,
        4.003658650192888,
        4.003658650192888,
        4.003658650192888,
        3.9677814233507824,
        3.9677814233507824,
        3.768684807561309,
        3.5695881917718353,
        3.5695881917718353,
        3.3704915759823617,
        2.726794821948283,
        2.726794821948283,
        2.501382416685125,
        2.454710659316704,
        2.4547106593267043,
        2.4547106593267043,
        2.4547106593267043,
        2.4547106593267043,
        1.9282556658101484,
        2.4547106583101486,
        2.4547106583101486,
        2.454710659327149,
        2.454710659327149,
        2.454710659327149,
        2.454710659327149,
        2.454710659327149,
        2.454710659327149,
        -2.48833775806645e-08,
        0.08312721825,
        0.15952526825,
        0.76191879575,
        1.35085400575,
        2.25162723825,
        2.45471065725,
        2.45471065725,
        2.8892186315000004,
        3.3338798732500003,
        3.7745036150000004,
        4.1072812050000005,
        4.43871296325,
        4.772847742250001,
        5.10563668475,
        5.10563668475,
        5.4010567407500005,
        5.379929791276316,
        5.358802841802632,
        5.412045107302632,
        5.5348281043026315,
        4.917822420092105,
        4.3481851569342105,
        4.3335931548289475,
        4.3190011527236845,
        4.1628869948289475,
        4.1628869948289475,
        4.1628869948289475,
        4.1628869948289475,
        4.1628869948289475,
        4.080457047460526,
        4.080457047460526,
        3.8813604316710526,
        3.8813604316710526,
        3.682263815881579
    ]
}