{
    "community_demand": [
        3.8317989000000003,
        3.8317989000000003,
        3.83179892,
        3.83179887,
        3.8317989000000003,
        3.8317989000000003,
        3.8317989000000003,
        3.8317989000000003,
        3.8317989000000003,
        3.8317989000000003,
        3.8317989000000003,
        3.8317989000000003,
        3.8317989000000003,
        3.8317989000000003,
        3.8317989000000003,
        4.07572422,
        0.0,
        0.0,
        0.0,
        0.0,
        0.0,
        0.0,
        0.0,
        0.0,
        0.0,
        0.0,
        0.0,
        0.0,
        0.0,
        0.0,
        0.0,
        0.0,
        0.0,
        0.0,
        0.0,
        0.0,
        3.8317989000000003,
        3.8317989000000003,
        3.8317989000000003,
        3.8317989000000003,
        3.8317989000000003,
        3.8317989000000003,
        3.8317989000000003,
        3.8317989000000003,
        3.8317989000000003,
        3.8317989000000003,
        3.8317989000000003,
        3.8317989000000003,
        3.8317989000000003,
        3.8317989000000003,
        3.8317989000000003,
        3.8317989000000003,
        3.8317989000000003,
        3.8317989000000003,
        3.8317989000000003,
        3.8317989000000003,
        3.8317989000000003,
        3.8317989000000003,
        3.8317989000000003,
        3.8317989000000003,
        3.8317989000000003,
        3.8317989000000003,
        5.24254702,
        3.8317989000000003,
        1.2773497,
        1.7123497,
        0.0,
        0.0,
        0.0,
        0.0,
        0.0,
        0.0,
        0.0,
        0.0,
        0.0,
        0.76635978,
        1.53271956,
        1.53271956,
        0.5355970473,
        0.76635978,
        0.76635978,
        0.0,
        0.0,
        0.18795755,
        3.8317989000000003,
        3.8317989000000003,
        3.8317989000000003,
        3.8317989000000003,
        3.8317989000000003,
        3.8317989000000003,
        3.8317989000000003,
        3.8317989000000003,
        3.8317989000000003,
        4.915940320000001,
        4.09236822,
        6.42174126
    ],
    "h0_soc": [
        3.703318,
        3.2714394,
        2.8395608,
        2.3901383,
        1.3248828,
        1.3248828,
        1.3248828,
        1.3248828,
        1.3248828,
        0.8930042,
        0.8930042,
        0.4611256,
        0.16345752,
        0.0,
        0.0,
        0.0,
        0.0,
        0.0,
        0.0,
        0.0,
        0.0,
        0.0,
        0.0,
        0.0,
        2.0582087,
        4.2579674,
        4.2579674,
        4.9339261,
        5.920124,
        6.9255101,
        8.2783438,
        9.2519691,
        9.8463861,
        10.0,
        9.959511,
        9.7321799,
        6.5950381,
        5.3887271,
        5.041059,
        4.6933909,
        4.3983544,
        3.962967,
        3.8258252,
        3.618508,
        3.4638224,
        3.3266806,
        3.1895388,
        3.052397,
        3.0523972,
        2.6205186,
        2.6205186,
        2.18864,
        1.7041298,
        1.7567614,
        1.7567614,
        1.3248828,
        1.3248828,
        0.8930042,
        0.8930042,
        0.4611256,
        0.16345752,
        -2.9742847e-08,
        -2.9742847e-08,
        0.0,
        0.0,
        0.0,
        0.0,
        0.0,
        0.0,
        0.0,
        0.0,
        0.0,
        2.0582087,
        4.2579674,
        4.2579674,
        4.9339261,
        5.920124,
        5.920124,
        5.9232601,
        5.7282236,
        6.2908233,
        6.5598652,
        6.5193762,
        6.2920451,
        3.1549033,
        2.8072352,
        2.4595671,
        2.111899,
        1.8168625,
        1.3814751,
        1.2443333,
        1.0370161,
        0.88233048,
        0.0,
        0.0,
        0.0
    ]
}