{
    "community_demand": [
        4.58515737,
        3.733543016256547,
        6.73102041,
        7.6438039700000004,
        6.012855060000001,
        4.882208583287465,
        8.5283239,
        4.930505121233912,
        4.949961529883648,
        4.976758408668914,
        5.20163025,
        4.891723066681574,
        5.82408182,
        4.411864422209806,
        3.786702305658576,
        2.14732554,
        1.1133748,
        1.7305495236779413,
        1.1133748,
        1.9417299381471995,
        2.1760722335648923,
        1.1133748,
        1.1133748,
        1.4262067128780298,
        3.0614836794629987,
        1.1133748,
        1.1133748,
        4.392298465368021,
        1.3569791674840925,
        1.1133748,
        1.15755239,
        1.15755239,
        1.5241338615558255,
        1.1133748,
        4.51284478,
        4.570454162393981,
        1.9561002670739966,
        1.1133748,
        8.401777480000002,
        3.10466204,
        13.131315460000001,
        1.4694592899999999,
        1.7365353046305074,
        8.270618120000002,
        3.87709686,
        1.1133748,
        4.6025354506987375,
        5.55012948,
        10.12814256,
        2.3917594699999998,
        9.50031461,
        12.38489523,
        6.26155785,
        6.192068130000001,
        5.9595734799999995,
        6.06073907,
        6.96075218,
        5.24350601,
        6.66829333,
        12.08113066,
        4.36437487,
        4.302506197438177,
        10.139832989003851,
        8.037697033508111,
        1.4266917447851029,
        1.1133748,
        1.1133748,
        1.5420454023925392,
        3.3731604053921336,
        1.1133748,
        1.874139319315392,
        3.322509846564568,
        3.4151157762853783,
        1.1133748,
        1.1133748,
        2.8892341653069344,
        1.1133748,
        1.1133748,
        1.12359443,
        1.12359443,
        1.1133748,
        4.92059052,
        1.1133748,
        1.1133748,
        11.081082680000002,
        1.1133748,
        4.935938726790864,
        1.36770194,
        16.87948926,
        5.7409177,
        7.99252294,
        2.225905523848305,
        1.84568318,
        3.81932897746221,
        3.73810113,
        5.96089381
    ],
    "h0_soc": [
        6.6,
        5.918727473684211,
        5.918727473684211,
        5.554587205263158,
        4.655861363157895,
        4.655861363157895,
        4.468936533147784,
        4.004024980516205,
        3.5539701331477844,
        3.1187287647267317,
        2.2501361331477843,
        1.3815434489372578,
        0.8182368699898893,
        0.8182368864424893,
        0.8182368864424893,
        0.5710473232845945,
        0.6468498705345945,
        1.1990237855345947,
        1.4930357515345947,
        1.7762810492845946,
        2.2066225847845944,
        3.2002349472845943,
        3.6823574297845942,
        4.160442412284594,
        4.530681233534594,
        4.899574223034594,
        5.208098180034594,
        5.2080982113417,
        5.2918358948417,
        5.3040929914917,
        5.5098745719917,
        5.6076431237417,
        5.6076431237417,
        4.9488486500574895,
        4.948789858431174,
        3.4171521215890683,
        3.335296479483805,
        3.253440837378542,
        2.992690732115384,
        2.7947830689574893,
        2.7947830689574893,
        2.7947830689574893,
        2.607370179483805,
        2.3769543005364366,
        2.354474949483805,
        2.2460094284311736,
        2.1955611689574894,
        2.087095647904858,
        1.9786301268522264,
        1.9534198810627528,
        1.847936817904858,
        1.7614297389574896,
        1.6663852705364368,
        1.6414443694838052,
        1.5657858642206472,
        1.502057185273279,
        1.502057185273279,
        1.4681530673785421,
        1.4681530673785421,
        1.4681530673785421,
        0.8182369094838053,
        0.648468229926571,
        0.648468229926571,
        1.9400255291124324e-08,
        0.6129381194002553,
        1.1317247594002553,
        1.6859450219002552,
        2.127481528400255,
        2.461210049400255,
        2.489263626825255,
        2.672550304575255,
        2.698626131150255,
        2.709726184800255,
        2.744931672400255,
        2.7841860125002547,
        3.2162198922502547,
        3.396894616250255,
        3.611601655750255,
        3.570841395750255,
        3.4666613536449917,
        3.4666613536449917,
        3.4666613536449917,
        3.4666613536449917,
        3.4666569286542024,
        3.463453276812097,
        2.3868608557594655,
        0.9901954891554618,
        0.9668176870501987,
        0.9668176870501987,
        0.9668176870501987,
        0.9668176870501987,
        0.9668176870501987,
        0.9434398849449355,
        0.9434398849449355,
        0.9434398849449355,
        0.9434398849449355
    ]
}