{
    "community_demand": [
        4.821839982592316,
        4.710165220097157,
        4.93766299,
        4.3792281,
        4.463851662943064,
        3.0,
        3.7024650999999995,
        3.0,
        4.805361559272179,
        3.2806347000000002,
        3.0758555000000003,
        6.060762902100792,
        4.7418010258618954,
        4.73929433,
        4.5367057299999995,
        3.0,
        3.0,
        3.565851098409474,
        1.2723044888334774,
        0.62287017,
        0.0,
        1.5212343358567726,
        0.311172588066293,
        0.0,
        0.41785273,
        0.8685446664782515,
        1.8403200040388077,
        4.451220146687128,
        4.39822519,
        3.8846971200000002,
        3.90813393,
        4.471664694530613,
        0.0,
        0.0,
        1.0638720926665275,
        2.0,
        0.0,
        2.0,
        2.7843147359437594,
        3.0,
        6.936143973366497,
        4.248975016830345,
        4.579192851527538,
        5.3915008,
        4.710255576495965,
        5.23182184,
        5.0,
        3.98508071,
        6.333638199999999,
        6.2634885,
        5.23017387,
        5.48114081,
        5.9288684499999995,
        6.2258754633,
        5.5620373,
        5.239968071,
        6.089550469999999,
        5.54709703,
        5.94649652,
        6.472324949999999,
        6.295015000000001,
        6.5551743,
        6.49367726,
        6.036675300000001,
        4.909028187490908,
        6.17535188,
        4.789101869897955,
        3.8796379585149534,
        2.7925518458053364,
        0.0,
        1.47479289,
        0.72901345,
        1.4961739098542046,
        1.4307539244985927,
        1.55266598,
        4.960404731028197,
        4.93748611,
        4.74411874,
        4.50088416,
        4.12309419,
        0.22889832375316735,
        0.0,
        2.3507753310099084,
        3.6962166761476025,
        2.0,
        2.0,
        3.7493313,
        4.7273951,
        4.4526090326284296,
        5.9273951,
        5.5296832,
        5.0,
        5.0,
        5.0053195,
        5.0689017,
        5.0
    ],
    "h0_soc": [
        6.6,
        5.818360801206088,
        5.949620101956088,
        5.949620101956088,
        5.949620101956088,
        5.682866786166615,
        5.426552065113984,
        5.1821671703771415,
        4.9526945545876675,
        4.7381342230087204,
        4.554764896692931,
        4.195072897923945,
        4.152872115292365,
        4.005408173187102,
        4.363731866437102,
        4.321731340121312,
        4.724321356871312,
        5.1134530418713116,
        5.244422773121311,
        5.370552791121311,
        5.637852091871311,
        6.468422224371311,
        6.787502462621311,
        7.102545200871311,
        7.309741787371311,
        7.515592542121311,
        7.724146312871311,
        7.931354251871311,
        8.609356569371311,
        9.245693739371312,
        9.118842307792365,
        8.303556834957826,
        8.403202135457827,
        8.479097435957826,
        7.1290841727999315,
        6.831702499115721,
        4.799892393852563,
        4.373345446484142,
        3.900013183326247,
        3.4266809201683524,
        3.0586118149051944,
        2.180506628184479,
        1.812437522921321,
        1.955255155421321,
        1.6661334185792156,
        1.8802010510792155,
        1.3805992517030985,
        1.31970357275573,
        1.49155096325573,
        1.70561859575573,
        1.5295186694399405,
        1.3939858641767826,
        1.297335153650467,
        1.0312907641767828,
        1.2557669576767827,
        1.030581836624151,
        1.0305818370791509,
        1.0305818370791509,
        1.0305818370791509,
        0.5877453174927789,
        1.0305818372427789,
        1.0305818370787787,
        1.0305818370787787,
        1.0305818370787787,
        0.34645551900000005,
        1.0305818215,
        0.9213505682628907,
        1.1762514902628907,
        1.2716095072628906,
        1.6271796397628906,
        1.6392335808128906,
        1.6392335808128906,
        1.8464301673128907,
        2.5272809173128907,
        3.0732792148128905,
        3.75548713481289,
        4.62618255981289,
        4.62618255981289,
        4.683028593312891,
        4.278863214365522,
        4.449758514865522,
        4.621114299365522,
        4.534258941470785,
        3.36845620462868,
        3.0208566256813114,
        2.673257046733943,
        2.673257046733943,
        2.305187941470785,
        1.2363174774860095,
        1.2841351099860094,
        1.2841351099860094,
        1.2872680871985094,
        1.3350857196985093,
        0.6580371588858274,
        0.9758131231358274,
        1.0305818391358272
    ]
}