{
    "community_demand": [
        5.0,
        5.0,
        5.0,
        5.0,
        5.0,
        5.0,
        5.0,
        5.0,
        5.0,
        5.0,
        5.0,
        0.7937495999999999,
        0.0,
        0.0,
        0.0,
        0.0,
        0.0,
        0.0,
        0.0,
        0.0,
        0.0,
        0.0,
        0.0,
        0.0,
        0.0,
        0.0,
        0.0,
        0.0,
        0.0,
        0.0,
        0.0,
        0.0,
        0.0,
        0.0,
        0.0,
        0.0,
        0.0,
        0.0,
        0.0,
        0.0,
        0.0,
        0.0,
        0.0,
        0.0,
        0.0,
        0.0,
        3.23999982,
        3.31999958,
        5.0,
        5.0,
        5.0,
        5.0,
        5.0,
        5.0,
        5.0,
        5.0,
        5.0,
        5.0,
        18.25,
        13.6031063,
        5.0,
        5.0,
        5.0,
        5.0,
        0.0,
        0.0,
        0.0,
        0.0,
        0.0,
        0.0,
        0.0,
        0.0,
        0.0,
        0.0,
        0.0,
        0.0,
        0.0,
        0.0,
        0.0,
        0.0,
        0.0,
        0.0,
        0.0,
        0.0,
        0.0,
        0.0,
        0.0,
        0.0,
        0.0,
        0.0,
        0.0,
        0.0,
        0.0,
        0.0,
        3.4799988600000002,
        2.92999961
    ],
    "h0_soc": [
        5.40375,
        5.8075,
        6.21125,
        6.615,
        7.01875,
        7.4225,
        7.82625,
        8.23,
        8.63375,
        9.0375,
        7.6427632,
        5.8052632,
        4.0184211,
        2.3657895,
        0.98157895,
        0.0,
        0.0,
        0.0,
        0.0,
        0.0,
        0.0,
        0.0,
        0.0,
        0.0,
        1.8335,
        4.09355,
        5.093425,
        5.093425,
        5.093425,
        6.202375,
        7.663,
        8.76025,
        9.494125,
        9.864625,
        9.992875,
        10.0,
        9.2684211,
        5.9052632,
        5.1736843,
        4.4421054,
        3.763158,
        3.0842106,
        2.563158,
        2.0421054,
        1.5210528,
        1.0000002,
        0.47894757,
        0.47368421,
        0.83468421,
        1.2384342,
        1.6421842,
        2.0359651,
        2.4397151,
        2.8031598,
        2.8031598,
        3.2069098,
        3.6106598,
        4.0144098,
        4.0144098,
        3.7,
        2.4394737,
        1.3131579,
        0.45526316,
        0.0,
        0.0,
        0.0,
        0.0,
        0.0,
        0.0,
        0.0,
        0.0,
        0.0,
        2.261,
        4.52105,
        5.473425,
        5.473425,
        5.473425,
        6.33775,
        7.670125,
        8.76025,
        9.494125,
        9.864625,
        9.992875,
        10.0,
        9.2684211,
        5.9052632,
        5.1736843,
        4.4421054,
        3.763158,
        3.0842106,
        2.563158,
        2.0421054,
        1.5210528,
        1.0000002,
        1.0000002,
        0.78947368
    ]
}