{
    "community_demand": [
        1.1133748,
        1.1133748,
        1.1133748,
        3.2995301217307267,
        1.1133748,
        1.1133748,
        1.1133748,
        2.563973158146214,
        3.562678550139651,
        1.1133748,
        2.930489370481007,
        1.1133748,
        1.1133748,
        2.616117332305599,
        2.047028999731824,
        1.1133748,
        1.1133748,
        1.1133748,
        2.346800295199638,
        1.1133748,
        1.1133748,
        1.1133748,
        1.1133748,
        1.8808169970890483,
        2.0943257142571396,
        2.3241936091381707,
        1.7501881044976741,
        1.1133748,
        2.531194415485057,
        1.1133748,
        1.1133748,
        1.1133748,
        1.1133748,
        0.932508194,
        1.1133748,
        0.89069984,
        1.5303629407501034,
        0.89069983,
        2.5531436610776566,
        1.11337477,
        2.194461919352013,
        1.1133748,
        1.1133748,
        1.1133747900000002,
        4.424660106284418,
        2.084896542300153,
        1.5476473322495188,
        2.517209162896631,
        1.4964790485266481,
        1.1133748,
        1.1133748,
        2.28769490907594,
        1.7542796503113933,
        1.28916748,
        1.26796522,
        1.25936571,
        1.23103238,
        1.20269904,
        1.14343613,
        1.12076946,
        2.2017800797358094,
        2.948587520219699,
        1.1133748,
        3.653338126671874,
        1.1133748,
        3.771563795093062,
        2.3942633677547804,
        1.1133748,
        1.4511674900089728,
        2.8759145199670164,
        1.1133748,
        1.1133748,
        1.1133748,
        1.1133748,
        1.1133748,
        1.1133748,
        1.1133748,
        1.1133748,
        1.15622334,
        1.15622334,
        1.1133748,
        1.1133748,
        2.74528248736211,
        1.1133748,
        1.1133748,
        1.1133748,
        1.1133748,
        1.1133748,
        1.1133748,
        1.1133748,
        1.1133748,
        1.21261199,
        1.24569105,
        1.24445708,
        1.1133748,
        1.22363834
    ],
    "h0_soc": [
        3.3,
        3.3,
        3.3,
        3.3,
        3.3,
        3.3,
        3.3,
        3.3,
        3.3,
        3.3,
        3.3,
        3.3,
        2.563483105263158,
        2.563483105263158,
        1.808070789473684,
        1.808070789473684,
        1.6474088842105261,
        1.6474088842105261,
        2.489829411710526,
        3.321483304210526,
        4.300233391710526,
        4.473425863460526,
        4.473425863460526,
        4.473425863460526,
        4.476545920910526,
        4.476545920910526,
        4.476545920910526,
        4.476545920910526,
        4.274879726173684,
        4.073213531436842,
        3.5135304788052633,
        3.480163239857895,
        3.480163239857895,
        3.480163239857895,
        3.480163239857895,
        3.480163239857895,
        3.374383581963158,
        3.268603924068421,
        3.1160389503842105,
        2.9634739767,
        2.8109090030157895,
        2.7636071851210526,
        2.573060727226316,
        2.361723821963158,
        2.1503869167,
        1.939050011436842,
        1.7277131061736841,
        1.5163762009105262,
        1.3839866640684209,
        1.2515971272263156,
        1.122190048278947,
        0.997256653542105,
        0.8782881693315787,
        0.768267053542105,
        0.6686845324894735,
        0.5810318377526313,
        0.5082914219631577,
        0.4504632903842103,
        0.423826163542105,
        0.40911886143684184,
        0.41904575011184186,
        0.41904607091160384,
        0.4190461087400386,
        0.4190461975897861,
        0.4190461975897861,
        0.4190461975897861,
        0.6914667393397862,
        0.9531206128397862,
        1.9318707003397861,
        2.903891652839786,
        3.364422701589786,
        3.820916250339786,
        4.169563647339786,
        4.516865212589787,
        4.866869793839787,
        5.215528543339787,
        5.752674788339787,
        5.752674788339787,
        5.719307549392418,
        5.68594031044505,
        5.238170536760839,
        5.238170536760839,
        5.238170536760839,
        3.8141877472871544,
        3.6442733946555754,
        3.34814285781347,
        3.0052270051818915,
        2.6623111525503127,
        2.319395299918734,
        2.0027952367608393,
        1.7914583314976813,
        1.5801214262345233,
        1.3687845209713654,
        1.1684048472871549,
        0.9570679420239969,
        0.745731036760839
    ]
}