{
    "community_demand": [
        10.0,
        10.0,
        10.0,
        10.0,
        10.0,
        10.0,
        10.0,
        10.0,
        10.0,
        10.0,
        10.0,
        10.0,
        5.55,
        2.0,
        0.66837651,
        0.0,
        0.0,
        1.1741417,
        2.310815131,
        6.2398549899999995,
        3.607403165,
        10.0,
        10.0,
        10.0,
        10.0,
        10.0,
        10.0,
        10.0,
        10.0,
        10.0,
        10.0,
        4.0,
        0.83171599,
        0.0,
        0.0,
        1.1616605,
        0.16826888,
        0.7466923599999999,
        8.41445813,
        9.781589499999999,
        8.826308000000001,
        8.626308,
        8.447612,
        9.2760429,
        7.608891310000001,
        10.0,
        5.66776018,
        10.0,
        10.0,
        10.0,
        6.02243715,
        10.31006711,
        10.1291348,
        10.0,
        10.0,
        10.0,
        10.0,
        10.0,
        10.0,
        10.0,
        10.0,
        10.0,
        7.67093124,
        9.159162,
        7.4406932,
        11.5,
        3.60142128,
        6.0000002,
        8.9230771,
        10.0,
        10.0,
        10.0,
        10.0,
        10.0,
        10.0,
        10.0,
        8.8310681,
        10.0,
        7.8959618,
        4.0,
        2.67290531,
        2.0,
        0.0,
        2.1313636,
        1.0124121,
        1.9563166699999999,
        4.63168911,
        8.186502,
        12.08599,
        10.0921731,
        8.447612,
        10.0,
        10.0,
        10.0,
        10.0,
        10.0
    ],
    "h0_soc": [
        5.5,
        5.494393634736842,
        5.494393634736842,
        5.494393634736842,
        5.494393634736842,
        5.494393634736842,
        5.494393634736842,
        4.091972134091002,
        4.091972134091002,
        4.091972099517428,
        3.115034601934131,
        3.115034601934131,
        3.1049588350920256,
        3.07203861824992,
        2.977714886670973,
        2.977714887370236,
        2.3912994136860255,
        1.0689055189491834,
        1.0724450232966833,
        1.3562345285466835,
        1.6210240337966835,
        1.7670635390466836,
        1.9273530442966835,
        2.1694121702966833,
        2.9044516802966833,
        2.9222412050216833,
        2.9222412050216833,
        2.9222412050216833,
        2.2063732401380154,
        2.5152131338880155,
        3.6492526438880155,
        4.727875471388016,
        4.8169149766380155,
        4.834704480938015,
        4.359679001990647,
        3.858337733569594,
        3.330680680938015,
        3.0248996388327516,
        0.5730632710323018,
        0.9182952137823017,
        0.9182952134372017,
        0.9182952134372017,
        0.9182952134372017,
        0.9182952134372017,
        0.9462517578622016,
        1.0020412631122015,
        0.9182952157437805,
        0.9182952157437805,
        0.9182952157437805,
        0.9182952157437805,
        0.9182952134371802,
        0.0,
        0.9182952225,
        0.9182952225,
        0.9182952225,
        0.9182952134371999,
        0.9182952134371999,
        0.9182952134371999,
        0.9182952134371999,
        1.0172075556871998,
        1.0172075556871998,
        1.0172075556871998,
        1.0172075556871998,
        0.48130742476688826,
        1.1880575497668882,
        -0.06449868152976879,
        0.9182952234702312,
        1.0643347287202312,
        1.186624233970231,
        1.332663739220231,
        1.540453244470231,
        1.663497253970231,
        1.6907867582702312,
        1.7085762625702312,
        2.899615772570231,
        4.071767857570231,
        4.071767857570231,
        4.9083193325702315,
        6.002383080070231,
        6.099339248820232,
        6.109212086295232,
        6.10921208675654,
        4.844712928861803,
        4.34337166044075,
        3.8157146078091713,
        3.288057555177592,
        0.9182952393881183,
        0.9182952134372183,
        0.9182952134372183,
        0.9182952134372183,
        0.9182952134372183,
        1.0104514359372183,
        1.0104514359372183,
        1.0104514359372183,
        1.0104514364492156,
        1.0104514364492156
    ]
}