{
    "community_demand": [
        0.8871318499999999,
        0.79713185,
        0.8013902,
        5.663287171730726,
        0.9579730099999999,
        1.11482089,
        1.50713185,
        6.275538051219438,
        4.124841550139651,
        2.9721197000000004,
        7.242579770481007,
        2.3546318499999996,
        4.68379858,
        5.437260951795675,
        6.068287913237484,
        3.1835296799999995,
        2.50623679,
        1.30623682,
        3.3573268251996384,
        1.6890568,
        0.34441595,
        0.1674929,
        0.0,
        3.837475310037187,
        2.0889201142571396,
        2.330121309138171,
        1.336121594497674,
        0.0,
        3.7919188654850573,
        1.74664038,
        7.3140318138,
        2.159967209,
        1.7330856,
        0.0,
        0.0,
        0.0,
        2.2563970022501034,
        0.67764241535519,
        5.247036591077657,
        3.4304652000000004,
        6.351243405967939,
        6.090930930000001,
        4.13046523,
        4.24819332,
        7.473490395223673,
        10.239754882300153,
        5.635999422249519,
        5.812946815702095,
        7.016284096974397,
        3.45401538,
        3.86629845,
        6.68444839638598,
        10.083635871358744,
        5.05886487,
        3.5096318500000003,
        3.48129853,
        3.4387985299999997,
        3.3821318500000004,
        2.63355007,
        2.9097726699999997,
        5.544541989884461,
        5.702666133384868,
        2.3371081,
        6.221289711203179,
        6.6794488,
        5.9878621928189615,
        5.423521025113576,
        5.73274405,
        2.334530512103252,
        4.954569152484568,
        0.12508495,
        0.0,
        0.0,
        0.0,
        0.0,
        0.0,
        0.0,
        0.0,
        1.603675559,
        0.010233059,
        0.27782801,
        0.0,
        0.25130261198765996,
        0.0,
        0.0,
        0.79963695,
        1.503897621,
        2.9690423,
        3.0190423099999997,
        3.23955675,
        3.3190422999999996,
        4.3329995,
        4.6819672,
        4.530465169999999,
        3.3083678900000004,
        3.2804652
    ],
    "h0_soc": [
        3.3,
        3.3,
        3.3,
        3.3,
        3.3,
        3.3,
        3.3,
        3.3,
        3.0205885526315788,
        3.0205885526315788,
        3.0205885526315788,
        3.0205885526315788,
        3.0205885526315788,
        3.0205885526315788,
        3.0205885526315788,
        2.8423396315789473,
        2.6552545,
        1.836590447368421,
        1.8766875348434209,
        1.9140929559684208,
        2.301715874718421,
        2.683955461718421,
        2.931118842718421,
        2.931118842718421,
        3.497072602718421,
        4.057643045218422,
        4.337474213968422,
        4.614613719218422,
        4.614613719218422,
        4.614613719218422,
        4.614613719218422,
        4.600967186586843,
        4.373754597113159,
        4.003465960271053,
        3.6316860918500007,
        3.259906223428948,
        2.886635128692106,
        2.5133640339552636,
        1.8365904023763162,
        1.8365904023763162,
        1.8365904023763162,
        1.8365904023763162,
        1.8365904023763162,
        1.8365904023763162,
        1.8365904023763162,
        1.8365904268743158,
        1.8365904268743158,
        1.8365904268743158,
        1.8365904268743158,
        1.8365904268743158,
        1.8365904268743158,
        -2.220446049250313e-16,
        1.8365904449999997,
        1.8365904449999997,
        1.8365904449999997,
        1.8365904449999997,
        1.8365904449999997,
        1.8365904449999997,
        1.8365904449999997,
        1.8365904449999997,
        1.8365904449999997,
        1.8365904449999997,
        1.8365904449999997,
        0.17780809864701985,
        1.83659041614702,
        1.354935681314581,
        1.836590431314581,
        1.8365904268735809,
        2.224213345623581,
        2.606452932623581,
        3.016540187873581,
        3.419898274873581,
        4.555852034873581,
        5.686422477373581,
        6.916253669873581,
        7.6038890823735805,
        7.6038890823735805,
        7.3325636034262125,
        7.10493943500516,
        7.0912929023735805,
        5.953109533952528,
        5.867557591847265,
        4.785251433952528,
        2.9134715918472645,
        2.540200497110422,
        2.16692940237358,
        1.8365904286893693,
        1.8365904286893693,
        1.836590426874369,
        1.836590426874369,
        1.836590426874369,
        1.836590426874369,
        1.836590426874369,
        1.836590426874369,
        1.836590426874369,
        1.836590426874369
    ]
}