{
    "community_demand": [
        10.0,
        10.0,
        10.0,
        10.0,
        10.0,
        10.0,
        10.0,
        10.0,
        10.0,
        10.0,
        10.0,
        10.0,
        4.0,
        4.0,
        3.7944880999999997,
        0.0,
        1.1382604,
        4.16354754,
        0.0,
        0.0,
        0.0,
        10.0,
        4.0891219,
        10.0,
        10.0,
        10.0,
        10.0,
        9.7625484,
        10.0,
        9.6297063,
        7.775364,
        6.0,
        4.0,
        2.0,
        0.34661875,
        1.5883163,
        2.66128939,
        6.9949034,
        9.1419936,
        8.585439000000001,
        7.6307165,
        10.0,
        6.9087914,
        10.0,
        10.0,
        9.476361,
        14.4347693,
        12.8902232,
        1.18846239,
        10.0,
        10.0,
        10.0,
        5.28686406,
        10.0,
        10.0,
        6.92980145,
        10.0,
        10.0,
        9.9999994,
        10.0,
        9.9999996,
        10.0,
        9.9999996,
        10.0,
        9.9999996,
        10.000000199999999,
        0.0,
        0.10074985,
        10.0,
        3.4824622300000003,
        10.0,
        10.0,
        10.0,
        10.0,
        10.0,
        10.0,
        10.0,
        10.0,
        5.92874907,
        1.1089017,
        0.0,
        0.0,
        0.0,
        0.0,
        0.0,
        4.04052656,
        5.473812629999999,
        7.9467989,
        9.896877,
        8.413058,
        8.1733715,
        7.711738,
        9.3784045,
        9.3864396,
        10.0,
        10.0
    ],
    "h0_soc": [
        5.5,
        4.7575515263157895,
        4.757551535762359,
        4.757551535762359,
        4.757551555556025,
        4.757551533483761,
        4.757551533483761,
        4.757551522679637,
        4.757551522679637,
        4.757551526175949,
        4.757551535306331,
        4.757551529672261,
        4.698315524409103,
        4.665395307566998,
        4.665395296298853,
        4.665395296998117,
        3.9482645601560113,
        2.6258706654191695,
        2.7244101706691692,
        2.917949675919169,
        3.177989181169169,
        3.3298039359191693,
        2.6021468832875905,
        2.6021468832875905,
        2.6506555315375904,
        2.6506555315375904,
        2.7444450367875906,
        2.7444450367875906,
        3.7487610492875905,
        4.7167659717875905,
        4.90080549128759,
        4.9977616600375905,
        5.00763449988759,
        4.886994984098116,
        4.801443189361274,
        2.900101926203379,
        2.3724448735718,
        -2.116504216331805e-08,
        -5.8054890433536e-17,
        -5.8054890433536e-17,
        -5.8054890433536e-17,
        -5.8054890433536e-17,
        -5.8054890433536e-17,
        -5.8054890433536e-17,
        -5.8054890433536e-17,
        -5.8054890433536e-17,
        -5.8054890433536e-17,
        -5.8054890433536e-17,
        -5.8054890433536e-17,
        -5.8054890433536e-17,
        -5.8054890433536e-17,
        -5.8054890433536e-17,
        -0.2050524107258311,
        2.024168888059563e-09,
        2.024168888059563e-09,
        0.018678514899168885,
        0.018678514899168885,
        0.018678514899168885,
        0.018678514899168885,
        0.018678514899168885,
        0.018678514899168885,
        0.018678514899168885,
        0.06197285064916889,
        0.06197281766628678,
        0.26976232291628677,
        1.8636551746276098e-09,
        0.09853950711365517,
        0.3395790123636551,
        0.4618685176136551,
        1.8241814170316673e-09,
        0.11278950707418141,
        0.28257901232418137,
        1.4023685223241813,
        2.6551580323241812,
        2.706197537574181,
        2.706197537574181,
        2.706197537574181,
        3.549290665074181,
        4.199877360074181,
        4.296833528824181,
        4.306706366299181,
        4.306706366299181,
        4.273786149457076,
        4.214550144193918,
        1.0553141441939178,
        0.5276570915623388,
        -1.3700819145867627e-08,
        -1.9849920491936867e-16,
        -0.8767345574550347,
        1.7544965258409206e-08,
        -4.748688386711772e-18,
        -4.748688386711772e-18,
        -4.748688386711772e-18,
        -4.748688386711772e-18,
        -4.748688386711772e-18,
        -4.748688386711772e-18
    ]
}