{
    "community_demand": [
        10.0,
        10.0,
        10.0,
        10.0,
        10.0,
        10.0,
        10.0,
        10.0,
        10.0,
        10.0,
        10.0,
        10.0,
        10.0,
        10.0,
        10.0,
        5.075070583,
        0.0,
        3.3106328,
        0.0,
        2.9525447,
        4.7568591,
        0.0,
        2.0,
        2.813854206,
        8.89666888,
        9.7085181,
        10.0,
        10.0,
        10.0,
        10.0,
        10.0,
        10.0,
        2.9224302,
        2.0,
        2.0,
        3.1906552,
        0.0,
        0.0,
        8.65750032,
        8.4675831,
        8.7318649,
        9.6041655,
        6.5803347599999995,
        10.3255867,
        7.65343861,
        10.0,
        4.624635522,
        10.0,
        10.0,
        10.0,
        5.53529566,
        9.5389876,
        8.11996238,
        10.0,
        10.0,
        10.0,
        10.0,
        10.0,
        10.0,
        10.0,
        10.0,
        10.0,
        10.3991337,
        11.4429114,
        7.9866297,
        11.4999999,
        3.2480469999999997,
        5.9789702,
        2.0,
        5.3754128,
        9.6714752,
        9.380858,
        10.0,
        10.0,
        10.0,
        4.181759,
        2.9950860500000003,
        10.0,
        10.0,
        10.0,
        8.72311578,
        8.48358195,
        4.08047198,
        3.70982949,
        1.09627115,
        1.21233754,
        8.5168816,
        7.2313311,
        12.0922534,
        10.0921731,
        8.0255867,
        10.0,
        10.0,
        10.0,
        0.0,
        9.8839614
    ],
    "h0_soc": [
        5.5,
        5.5,
        5.513569559175,
        5.513569559175,
        5.513569559175,
        5.513569559175,
        5.513569559175,
        4.900621742739686,
        4.900621742739686,
        4.900621742739686,
        4.482920245156389,
        4.482920233888245,
        4.558920252888245,
        4.558920252888245,
        4.558920252888245,
        4.558920252888245,
        4.690924258638245,
        4.386161937585613,
        4.581933942835613,
        4.811986574585613,
        5.147506957085613,
        5.4977964623356135,
        5.5547735720856135,
        5.6972505773356135,
        5.701550081683114,
        5.705849586030614,
        5.711811590330614,
        5.722523594630614,
        4.7952438823916825,
        4.931001561391683,
        4.931001560440173,
        4.931001560440659,
        4.931001560440149,
        4.931001560440149,
        4.486397134124359,
        4.041792707808569,
        3.533346176229622,
        3.0248996446506746,
        0.5137430844628033,
        0.9182952122128032,
        0.9182952122128032,
        0.9182952122128032,
        0.9182952122128032,
        0.918295213437203,
        0.918295213437203,
        1.003847007437203,
        0.9182952127003609,
        0.9182952127003609,
        0.9182952127003609,
        0.9182952127003609,
        0.9182952134371607,
        0.0,
        0.9182952225,
        0.9182952225,
        0.9182952225,
        0.9422417195499999,
        0.9422417195499999,
        0.9422417195499999,
        0.9422417195499999,
        0.9422417195499999,
        0.9422417195499999,
        0.9422417202492588,
        1.2441538909992587,
        0.39339813674903357,
        1.2230575517490334,
        -0.0644986795476239,
        0.9182952254523761,
        1.118817230702376,
        1.371763598952376,
        1.4003817851273759,
        1.409858789427376,
        1.409858789427376,
        1.409858789427376,
        2.278658299427376,
        3.291620309427376,
        3.397332314677376,
        3.397332314677376,
        4.477870152177376,
        4.4863971332023755,
        4.4863971332023755,
        4.4863971332023755,
        4.4863971332023755,
        4.304950601623428,
        4.041792706886586,
        3.5333461753076385,
        3.0248996437286912,
        0.9182952226760595,
        0.9182952134371595,
        0.9182952134371595,
        0.9182952134371595,
        0.9182952134371595,
        0.9182952134371595,
        1.1165847186871594,
        1.1843988061871593,
        0.940952274608212,
        0.940952274608212
    ]
}