{
    "community_demand": [
        8.0,
        8.0,
        8.0,
        4.86746687,
        3.5925842400000003,
        8.0,
        4.13258424,
        8.0,
        6.53097495,
        6.94430829,
        7.4752312000000005,
        5.05242801,
        5.658984259,
        4.0177572412,
        6.659550312,
        3.2,
        3.2,
        2.51946899,
        1.6,
        0.0,
        0.0,
        0.0,
        0.0,
        1.1705087,
        4.2505007,
        3.8842405,
        6.111409350000001,
        7.681432300000001,
        8.0,
        8.0,
        8.0,
        8.0,
        2.37467065,
        1.6000000473824512,
        0.0,
        4.555992e-08,
        1.088809,
        0.24447496,
        3.4809749500000002,
        2.70414832,
        6.87875908,
        6.342584260000001,
        4.54258423,
        5.1234254,
        5.69706104,
        6.31450902,
        5.27910274,
        5.5603725100000005,
        8.0,
        8.0,
        8.0,
        7.976659100000001,
        8.0,
        5.18372114,
        8.0,
        8.0,
        5.669860180000001,
        8.0,
        6.61869932,
        6.502056410000001,
        4.8549047169,
        6.8069682476,
        4.8430484183769815,
        4.800000000000001,
        3.2,
        5.63124069,
        4.70485386,
        3.02083549,
        2.82058395,
        2.0113836800000002,
        1.1143765,
        0.0,
        0.0,
        0.0,
        2.85306134,
        6.4,
        6.4,
        7.9467833,
        8.0,
        8.0,
        0.0,
        0.0,
        1.6,
        0.1341992,
        0.064368901,
        0.2554992,
        1.96859088,
        1.44294754,
        5.6125484100000005,
        6.67596556,
        5.1625485200000005,
        5.89104671,
        5.66893956,
        8.0,
        4.09785655,
        5.22730464
    ],
    "h0_soc": [
        3.293395572631579,
        3.286791145263158,
        2.1297987768421054,
        2.1231943494736845,
        2.1231943494736845,
        2.1231943494736845,
        2.116510115789474,
        1.5579818779059416,
        1.8365904251559415,
        1.8365904251559415,
        1.5117624459604744,
        1.8365904264604744,
        2.1317118642104744,
        1.8365904273683693,
        1.8365904268743691,
        1.8365904268743691,
        1.8365904268743691,
        1.8365904268743691,
        1.8365904268743691,
        1.8365904268743691,
        1.8365904268743691,
        1.8365904268743691,
        1.941067432124369,
        1.981256847249369,
        2.262087230749369,
        2.513386735999369,
        2.513386735999369,
        2.851848612999369,
        1.8828128101124968,
        1.9192223144124967,
        2.0179993196624966,
        2.1167763249124967,
        2.9560336374124967,
        2.2900607426756547,
        2.2086142110967075,
        2.127167700570392,
        1.9818790637282866,
        1.8365904268861812,
        1.5317403847809181,
        1.836590425780918,
        1.836590425780918,
        1.836590425780918,
        1.836590425780918,
        1.836590425780918,
        1.836590425780918,
        2.0198991957809183,
        1.9606631905177603,
        1.9014271852546023,
        2.4274666952546022,
        2.836620414004602,
        3.418076606504602,
        1.3073261589116192,
        1.9046156689116192,
        1.9046156689116192,
        2.438571861411619,
        3.035861371411619,
        3.317325252911619,
        3.914614762911619,
        4.201270099911619,
        4.519592105161618,
        4.519592105161618,
        4.519592105161618,
        4.519592105161618,
        3.181145578845829,
        2.7711200998984604,
        1.25925285647352,
        1.78277486647352,
        1.83659042847352,
        1.88361995474852,
        1.8949464451735198,
        1.9994234504235198,
        2.1039004556735197,
        2.1651999609235197,
        2.22649946617352,
        3.0633585986735197,
        3.1092721262235195,
        4.04818163622352,
        4.08459113482352,
        4.08836813912352,
        5.0738118316235195,
        4.170996884255098,
        4.092743331623519,
        3.300770489518256,
        3.2982713253603615,
        3.1529826885182564,
        2.9550624727287826,
        1.8365904200972036,
        1.836590426874203,
        1.836590426874203,
        1.836590426874203,
        1.836590426874203,
        1.836590426874203,
        1.836590426874203,
        2.259713263874203,
        2.095214100716308,
        2.095214100716308
    ]
}