{
    "community_demand": [
        1.1133748,
        1.1133748,
        1.1133748,
        3.2995301217307267,
        1.1133748,
        1.1133748,
        1.1133748,
        2.563973158146214,
        4.747263440978145,
        2.48213185,
        2.930489370481007,
        2.1038076099999996,
        1.22068033,
        2.616117332305599,
        2.047028999731824,
        1.1133748,
        1.1133748,
        1.1133748,
        2.346800295199638,
        1.1133748,
        1.1133748,
        1.1133748,
        1.1133748,
        1.8808169970890483,
        2.0943257142571396,
        2.3241936091381707,
        1.7501881044976741,
        1.1133748,
        2.531194415485057,
        1.1133748,
        1.1133748,
        1.1133748,
        1.1133748,
        1.1133748,
        1.1133748,
        1.1133748,
        1.9681115022501032,
        1.1133748,
        2.5531436610776566,
        1.1133748,
        2.194461929352013,
        1.1133748,
        1.1133748,
        4.130465200000001,
        5.249281025393417,
        4.9724845193281135,
        2.7694887522495186,
        4.352371100482827,
        3.9338040126861444,
        2.9804651999999994,
        3.19160865,
        5.0460413793098855,
        4.242275506564621,
        3.51771031,
        3.5096318500000003,
        2.94129853,
        3.20125055,
        2.9636765400000002,
        2.4254652,
        2.3546318499999996,
        3.5945419798844616,
        2.346585488455318,
        2.1704652,
        5.183645104002456,
        2.02697875,
        2.8501081280600307,
        3.4072087114129292,
        5.03090841,
        1.6038680821032516,
        3.389496432484568,
        1.1133748,
        1.1133748,
        1.1133748,
        1.1133748,
        1.1133748,
        1.1133748,
        1.1133748,
        1.1133748,
        1.1133748,
        1.1133748,
        1.1133748,
        1.1133748,
        1.36467741198766,
        1.1133748,
        1.1133748,
        1.1133748,
        1.1133748,
        1.1133748,
        1.1133748,
        1.81834146,
        1.48035074,
        3.07572662,
        3.5273587199999996,
        4.530465169999999,
        1.7261113399999999,
        2.5257263500000002
    ],
    "h0_soc": [
        3.3,
        3.3,
        3.3,
        3.3,
        3.3,
        3.3,
        3.3,
        3.3,
        3.3,
        3.3,
        3.1497157263157893,
        3.1497157263157893,
        3.0143437315789474,
        2.884936652631579,
        2.7614944842105267,
        2.642526,
        2.572638215789474,
        1.8711714789473683,
        2.0170391719473684,
        2.160215196697368,
        2.6536087166973683,
        3.1416189191973682,
        3.595552764197368,
        3.595552912722919,
        4.267277250222919,
        4.933618270222919,
        5.319220044972919,
        5.702130156222919,
        5.80817176872292,
        5.80817176872292,
        4.859090979249236,
        3.3836944003018674,
        3.3836944003018674,
        3.3363925824071305,
        3.2890907645123937,
        3.0345082434597623,
        2.778434496091341,
        2.52236074872292,
        2.266287001354499,
        2.0102132539860778,
        1.7541395066176566,
        1.3928026013544987,
        1.0314656960913409,
        1.0314656960913409,
        1.0314656960913409,
        1.0314656960913409,
        0.7888387276702882,
        0.7888387276702882,
        0.7888387276702882,
        0.7888387276702882,
        0.7888387276702882,
        0.32077414970329143,
        0.4091184449532914,
        0.4091184449532914,
        0.4091184449532914,
        0.4091184449532914,
        0.4091184449532914,
        0.4091184449532914,
        0.4091184449532914,
        0.4091184449532914,
        0.4091184449532914,
        0.4091184449532914,
        0.4091184449532914,
        0.4091184449532914,
        0.4091184449532914,
        0.27775074778863207,
        0.409118443538632,
        0.40911844322123186,
        0.9025119632212318,
        1.3905221657212317,
        1.9063800032212317,
        2.4155087057212317,
        3.6572330432212317,
        4.893574063221232,
        6.229175833221232,
        7.138700988221232,
        7.138700988221232,
        6.984572856642284,
        6.0354920671686,
        6.0354920671686,
        5.014506014537021,
        5.014506014537021,
        4.838870861905442,
        3.084288335589653,
        2.8282145882212317,
        2.5721408408528106,
        2.3160670934843894,
        2.0599933461159683,
        1.8039195987475471,
        1.547845851379126,
        1.2654563145370208,
        1.2654563145370208,
        1.2654563145370208,
        1.2654563145370208,
        1.0093825671685996,
        1.0093825671685996
    ]
}