{
    "community_demand": [
        10.0,
        10.0,
        2.6378279,
        1.44554035,
        10.0,
        10.0,
        2.0,
        10.0,
        10.0,
        6.68373866,
        10.0,
        9.9999999,
        11.2534755,
        10.0,
        10.3902513,
        10.0,
        10.0,
        9.999999899999999,
        0.0,
        0.0,
        0.0,
        0.0,
        0.0,
        4.6525676990000004,
        3.45177823,
        0.97149795,
        0.27789444,
        10.0,
        3.54151508,
        0.0,
        1.145995214,
        10.156366329999999,
        9.8034578,
        10.4137033,
        12.02589,
        9.9999999,
        12.197689,
        12.71909249,
        8.6346095,
        8.3012805,
        8.3079774,
        6.5001347,
        9.7518026,
        10.0,
        10.0,
        6.7293307,
        6.4992368,
        10.0,
        10.0,
        10.0,
        2.04816945,
        0.568815339,
        1.76448371,
        8.2354958,
        11.4760288,
        9.9999999,
        9.9999998,
        11.5644064,
        9.9999998,
        13.2915172,
        13.5839229,
        10.5778142,
        10.0,
        10.2908239,
        10.0,
        11.5764176,
        0.0,
        1.6641164,
        2.2087603,
        0.66167814,
        9.22550959,
        3.32120909,
        0.0,
        10.0,
        6.76132338,
        0.35027756,
        10.0,
        5.955791178,
        6.780555730000001,
        7.75551956,
        4.281901213,
        8.88403005,
        10.5121869,
        9.9999999,
        14.3913634,
        7.85866491,
        8.634612,
        8.3992218,
        7.720871799999999,
        6.9504144,
        8.1346137,
        10.0,
        6.8992368,
        9.7053671,
        7.3012805,
        10.0
    ],
    "h0_soc": [
        1.25,
        1.25,
        1.1901561,
        1.1303122,
        1.1303122,
        1.2235693,
        1.1637254,
        1.1637254,
        1.1637254,
        1.1637254,
        1.1637254,
        0.99257835,
        0.99257835,
        0.99257835,
        0.99257835,
        0.99257835,
        1.2235693,
        0.97951489,
        1.1012558,
        1.3654967,
        1.6355185,
        1.3914641,
        1.1631992,
        0.97951489,
        0.97951489,
        0.99331987,
        0.97951489,
        0.98250581,
        0.97951489,
        1.1471559,
        1.2799802,
        1.8726621,
        1.8726621,
        1.8726621,
        1.8726621,
        1.9130388,
        2.4100297,
        0.97951489,
        0.97951489,
        0.97951489,
        0.97951489,
        0.97951489,
        0.97951489,
        0.97951489,
        0.97951489,
        0.97951489,
        0.97951489,
        0.97951489,
        0.97951489,
        0.97951489,
        0.97951489,
        0.97951489,
        0.97951489,
        0.97951489,
        0.97951489,
        0.97951489,
        0.97951489,
        0.97951489,
        0.97951489,
        0.97951489,
        0.97951489,
        0.97951489,
        0.97951489,
        0.99257835,
        1.2235693,
        0.97951489,
        1.1487558,
        1.3179967,
        1.5584876,
        1.3670648,
        1.3670648,
        1.1493262,
        1.4373171,
        1.620808,
        1.620808,
        1.455701,
        2.0524419,
        2.2058495,
        1.6986372,
        1.5510741,
        0.97951489,
        1.5389849,
        1.5802591,
        2.5,
        0.97951489,
        0.97951489,
        0.97951489,
        0.97951489,
        0.97951489,
        0.97951489,
        0.97951489,
        0.97951489,
        0.97951489,
        0.97951489,
        0.97951489,
        0.97951489
    ]
}