{
    "community_demand": [
        5.0,
        5.0,
        5.0,
        5.0,
        5.0,
        5.0,
        5.0,
        5.0,
        5.0,
        5.0,
        5.0,
        5.0,
        5.0,
        5.0,
        1.0,
        4.5469339,
        3.0,
        3.0,
        3.3766939041707817,
        3.21403841,
        2.4577492800000003,
        2.22415956,
        2.18175162,
        4.8156336585492445,
        3.438538398336599,
        3.0392933002571394,
        4.484327523655269,
        4.0,
        5.0,
        4.98868905,
        5.0,
        2.58918829,
        2.0,
        2.0,
        2.0,
        2.0,
        3.0973135692910345,
        2.7343083,
        3.5890449922501033,
        4.28342545,
        4.97395339010131,
        4.88102413,
        4.70258427,
        5.0,
        5.0,
        6.116674029431649,
        5.648031792300153,
        5.0,
        5.0,
        5.0,
        5.0,
        5.0,
        5.0,
        5.0,
        5.0,
        5.0,
        5.0,
        5.0,
        5.0,
        5.0,
        5.0,
        5.722420094355787,
        5.0,
        8.361624063891606,
        5.0,
        7.709009573311053,
        5.498185828620917,
        5.54383112,
        5.152214344866474,
        5.045833717106692,
        5.0,
        5.0,
        4.0,
        4.0,
        4.0,
        4.82859567,
        5.0,
        4.0000001944642705,
        5.0,
        4.0,
        4.0,
        3.7124229,
        4.336786534289596,
        4.0,
        4.0,
        4.0,
        4.0,
        4.91100314,
        4.80018648,
        4.96100385,
        4.800186500000001,
        5.0,
        5.0,
        5.0,
        4.75018639,
        5.0
    ],
    "h0_soc": [
        2.9776061,
        3.35164560525,
        3.02925170525,
        3.3869465365,
        3.0908684259736843,
        2.7947903154473686,
        2.498712204921053,
        1.6243943417743627,
        1.8472255105243627,
        1.9084088165243627,
        1.1004357653785783,
        1.3407627706285783,
        1.4154257833785784,
        1.1193475202206837,
        1.1193475202206837,
        0.8232694096943679,
        0.29234830443120996,
        1.4957525773517943e-08,
        0.5813973074575257,
        1.1601029649575256,
        1.8365904124575256,
        1.8365904268735256,
        2.2901098011235255,
        2.5715512198735255,
        2.6355883068735255,
        2.6942420621235255,
        4.372156572123526,
        6.047379399623526,
        5.704046917256329,
        6.386336584756329,
        5.087426900545802,
        4.522039584756328,
        4.522039584756328,
        4.550437422231328,
        4.5774894265313275,
        4.5774894265313275,
        4.5774894265313275,
        4.723528931781328,
        4.190608721255012,
        4.379398226505012,
        4.525437731755012,
        4.1504122528076435,
        3.775386773860275,
        3.4003612949129067,
        3.601154221162907,
        3.6537770581629068,
        3.7045122024129067,
        3.7045122024129067,
        3.7045122024129067,
        3.408434091886591,
        3.408434091886591,
        0.587470072675961,
        0.7995345779259609,
        1.0129449149259608,
        1.2290469201759608,
        1.440357529175961,
        1.440993783838461,
        1.1449153469963558,
        1.1449153469963558,
        0.84883723647004,
        0.4643427785753031,
        -3.720653229954962e-10,
        0.21962886087793468,
        -0.2196288631578948,
        0.04833265884210522,
        -0.04833265894736842,
        1.8026315787289526e-09,
        0.5597112643026316,
        1.4696400268026315,
        1.8041854670526316,
        1.8365904268526316,
        1.8365904268526316,
        2.0576925861026316,
        3.161346346102632,
        4.364260856102632,
        5.564483683602632,
        6.451854126102632,
        7.337878703602632,
        7.505112708852632,
        7.671000877602632,
        7.770648714602632,
        7.799046552077631,
        7.371389494182894,
        6.15425875734079,
        5.779233278393421,
        5.088418331025,
        4.713392852077631,
        4.3383673731302625,
        3.963341894182894,
        3.5463897626039467,
        3.5463897626039467,
        3.5463897626039467,
        3.5463897626039467,
        3.5463897626039467,
        3.5463897626039467,
        3.5463897626039467
    ]
}