{
    "community_demand": [
        3.8317989000000003,
        3.8317989000000003,
        3.8317989000000003,
        3.8317989000000003,
        3.8317989000000003,
        3.8317989000000003,
        3.8317989000000003,
        3.8317989000000003,
        5.150262720000001,
        3.8317989000000003,
        3.8317989000000003,
        4.139441420000001,
        3.8317989000000003,
        3.8317989000000003,
        3.8317989000000003,
        5.0474681200000004,
        0.0,
        0.0,
        0.0,
        0.0,
        0.48049472000000004,
        0.0,
        0.0,
        0.0,
        0.0,
        0.0,
        0.0,
        0.0,
        0.0,
        0.0,
        0.0,
        0.0,
        0.0,
        0.0,
        0.0,
        0.0,
        3.8317989000000003,
        3.8317989000000003,
        3.8317989000000003,
        3.8317989000000003,
        3.8317989000000003,
        3.8317989000000003,
        3.8317989000000003,
        3.8317989000000003,
        3.8317989000000003,
        3.8317989000000003,
        3.8317989000000003,
        4.51375102,
        3.8317989000000003,
        3.8317989000000003,
        3.8317989000000003,
        3.8317989000000003,
        3.8317989000000003,
        3.8317989000000003,
        3.8317989000000003,
        3.8317989000000003,
        3.8317989000000003,
        3.8317989100000003,
        3.8317989000000003,
        3.8317989000000003,
        3.8317989000000003,
        5.85710393,
        3.8317989000000003,
        3.8317989000000003,
        0.29062832,
        0.76635988,
        0.0,
        0.38802167,
        0.0,
        0.0,
        0.0,
        0.0,
        0.0,
        0.0,
        0.28921193,
        0.300853646783794,
        -5.6830639e-08,
        -1.1848587e-08,
        0.0,
        0.0,
        0.0,
        0.0,
        0.0,
        0.0,
        3.8317989000000003,
        3.8317989000000003,
        3.8317989000000003,
        3.8317989000000003,
        3.8317989000000003,
        3.8317989000000003,
        3.8317989000000003,
        3.8317989000000003,
        7.38799702,
        7.631386920000001,
        4.33067441,
        4.09805362
    ],
    "h0_soc": [
        3.232421,
        2.8341779,
        2.4359348,
        1.4587443,
        1.0605012,
        1.0605012,
        1.1903408,
        0.79209772,
        0.79209772,
        0.79209772,
        0.79209772,
        0.39385462,
        0.12982205,
        0.0,
        0.0,
        0.0,
        0.0,
        0.0,
        0.0,
        0.0,
        0.0,
        0.0,
        0.0,
        0.0,
        2.0885647,
        3.0254471,
        3.9478868,
        4.7017015,
        5.8290558,
        6.7980558,
        8.1371872,
        9.1411686,
        9.7659416,
        9.9999999,
        9.9931464,
        9.7994508,
        5.6539632,
        5.3399306,
        5.025898,
        4.6943216,
        4.4329206,
        3.8908179,
        3.7873116,
        3.6136299,
        3.4925798,
        3.3890735,
        3.2855672,
        3.1820609,
        3.1820609,
        2.2048704,
        2.2048704,
        2.2048704,
        1.2276799,
        0.77680522,
        0.77680522,
        0.77680522,
        0.92750522,
        0.52926212,
        0.79209772,
        0.39385462,
        0.12982205,
        0.0,
        0.0,
        0.0,
        0.0,
        0.0,
        0.0,
        0.0,
        0.0,
        0.0,
        0.0,
        0.0,
        2.0885647,
        4.3186794,
        4.3186794,
        5.0249941,
        5.9182902,
        7.0772902,
        8.4604799,
        7.8957317,
        8.4571714,
        8.6710694,
        8.6642159,
        8.4705203,
        5.5249088,
        5.2108762,
        4.8968436,
        3.2494777,
        2.9880767,
        2.445974,
        2.3424677,
        2.168786,
        0.22317448,
        0.10350626,
        0.10350626,
        1.6096811e-09
    ]
}