Sigma,Alpha,Seed,Cost_Saving,Peak_Reduction,SLA
0.75,0.15,0,68.70973604812598,65.73980555907443,100.0
